regime,strategie,mois,reussite,rend_moy_mensuel,sharpe,dd_max
Crise financière 2007-09,Panier 3 fortes vs 3 faibles,23,0.6086956521739131,-0.0017098053448148557,-0.24248526610037577,-0.13965714417631403
Crise financière 2007-09,Top 1 paire (plus forte vs plus faible),23,0.5652173913043478,-0.002753125462816288,-0.23150504421546936,-0.22736520155104978
Crise financière 2007-09,Repère : portage pur (taux seuls),23,0.43478260869565216,-0.009399138267182725,-0.6639047458207203,-0.34157677383669105
Crise dette zone euro 2010-12,Panier 3 fortes vs 3 faibles,30,0.6,0.0016191772861075635,0.2713148446037535,-0.05721137686680455
Crise dette zone euro 2010-12,Top 1 paire (plus forte vs plus faible),30,0.5333333333333333,-0.0011258599033874247,-0.10293967719744952,-0.16890321340945313
Crise dette zone euro 2010-12,Repère : portage pur (taux seuls),30,0.5333333333333333,0.002381152977472895,0.25253852574490293,-0.09236631920828298
COVID 2020,Panier 3 fortes vs 3 faibles,5,0.6,0.010703038942464337,1.3065727865912138,-0.03098599280150116
COVID 2020,Top 1 paire (plus forte vs plus faible),5,0.4,0.006920116158296764,0.6783072252353609,-0.052287555780131445
COVID 2020,Repère : portage pur (taux seuls),5,0.6,0.0029516361557945974,0.29670170057323186,-0.050293390237668656
Guerre Ukraine / choc énergie 2022,Panier 3 fortes vs 3 faibles,11,0.5454545454545454,0.0025643229822908953,0.6738760628883447,-0.03818018324447825
Guerre Ukraine / choc énergie 2022,Top 1 paire (plus forte vs plus faible),11,0.5454545454545454,0.0015203309166850016,0.229449218378174,-0.056599125527664884
Guerre Ukraine / choc énergie 2022,Repère : portage pur (taux seuls),11,0.45454545454545453,-0.0003379619799357357,-0.062020587507633035,-0.05446568859655898
"Guerres commerciales (2018-19, 2025)",Panier 3 fortes vs 3 faibles,27,0.5555555555555556,4.230684291336802e-05,0.011806505439028663,-0.06540179127931878
"Guerres commerciales (2018-19, 2025)",Top 1 paire (plus forte vs plus faible),27,0.4074074074074074,-0.0003802539612559486,-0.05694933133761107,-0.09074033841145823
"Guerres commerciales (2018-19, 2025)",Repère : portage pur (taux seuls),27,0.5555555555555556,-0.00050035602625509,-0.10539857083922667,-0.062103783120042055
Fed en cycle de hausse,Panier 3 fortes vs 3 faibles,98,0.4897959183673469,0.0009865244769520305,0.21480887702211476,-0.12891827663158595
Fed en cycle de hausse,Top 1 paire (plus forte vs plus faible),98,0.5510204081632653,0.0035669444662106455,0.4877732453915374,-0.1547162051153178
Fed en cycle de hausse,Repère : portage pur (taux seuls),98,0.5612244897959183,0.0021767914191081522,0.45105430094352594,-0.08045201450258521
Fed en cycle de baisse,Panier 3 fortes vs 3 faibles,81,0.5802469135802469,0.0007094975852604606,0.1274472637176586,-0.13965714417631403
Fed en cycle de baisse,Top 1 paire (plus forte vs plus faible),81,0.5925925925925926,0.0017297235976837663,0.20387639731306187,-0.22736520155104978
Fed en cycle de baisse,Repère : portage pur (taux seuls),81,0.6172839506172839,0.0023233743523640125,0.27163750891900196,-0.34157677383669105
Fed à l'arrêt,Panier 3 fortes vs 3 faibles,141,0.6170212765957447,0.0030640343303016807,0.5836146199220192,-0.0950419016488806
Fed à l'arrêt,Top 1 paire (plus forte vs plus faible),141,0.5177304964539007,0.0017125718152068991,0.19323158189085204,-0.2428370214468879
Fed à l'arrêt,Repère : portage pur (taux seuls),141,0.6170212765957447,0.003465631065271424,0.5173605521058812,-0.15172833960068666
Risk-off (VIX > 25),Panier 3 fortes vs 3 faibles,64,0.65625,0.005393060203396097,0.9717874861610379,-0.08601856708982603
Risk-off (VIX > 25),Top 1 paire (plus forte vs plus faible),64,0.609375,0.005692425738849198,0.6664239605540956,-0.1033268602114501
Risk-off (VIX > 25),Repère : portage pur (taux seuls),64,0.640625,0.005490942143908875,0.5618084260822059,-0.22319035323830283
Risk-on (VIX < 15),Panier 3 fortes vs 3 faibles,92,0.4891304347826087,-0.0002258604555147083,-0.04988917664783897,-0.12337399389986814
Risk-on (VIX < 15),Top 1 paire (plus forte vs plus faible),92,0.5217391304347826,0.002338904864308963,0.35779921989528846,-0.1088693272371164
Risk-on (VIX < 15),Repère : portage pur (taux seuls),92,0.5543478260869565,0.0005706012862051955,0.1123369181875603,-0.18666977718434064
