date,Top 1 paire (plus forte vs plus faible),Top 3 paires (écarts max),Panier 3 fortes vs 3 faibles,Repère : portage pur (taux seuls),Facteur seul : monetaire,Facteur seul : croissance,Facteur seul : inflation,Facteur seul : differentiel,Facteur seul : risque,Robustesse : signal retardé d'1 mois,Variante : pondération adaptative (walk-forward)
2000-01-31,0.027965952972897626,0.017326820908740315,-0.00019413041472204554,0.006579777599524631,-0.0030154131688674654,-0.005970434523666254,0.01907349394326376,0.006579777599524631,0.00526857033803576,0.010700179464820393,-0.00019413041472204554
2000-02-29,-0.06360725544403432,-0.05742280172179275,-0.016789466289468508,-0.019743583027106083,-0.019499647990128967,0.013161831004660713,-0.030589402114911995,-0.019743583027106083,-0.029263459086048382,-0.017638300796876116,-0.016789466289468508
2000-03-31,0.015737987289436477,0.023235522178722778,0.025888953720957578,0.03437065558616552,0.025605620387624244,0.018939904669053983,0.012251756211060094,0.03437065558616552,-0.010762346934477508,0.019188371410283747,0.025888953720957578
2000-04-30,-0.05758346334847801,-0.011142911147224556,-0.000990500887579526,-0.046386025526916855,0.0069864119362548546,-0.031823757375979894,-0.012599405601364088,-0.046386025526916855,0.03145436473205254,-0.001040500887579526,-0.000990500887579526
2000-05-31,0.015936563339651585,0.017474574252735096,0.014671272411800024,-0.008534449373634448,-0.0007238651615985272,0.0005353675660750383,0.011288387576166906,-0.008534449373634448,0.022058500428629346,-0.0006738651615985271,0.014671272411800024
2000-06-30,0.00571915411604533,0.014766849538863931,0.006447619455419274,0.01277241588026506,-0.00010735597597408812,0.005134896331457976,0.008497950422614814,0.01277241588026506,-0.011203867794906739,0.0060309527887526075,0.006447619455419274
2000-07-31,-0.08428584202868557,-0.04814604021436831,-0.011885898979223795,-0.010595923469215271,-0.0369401208736862,-0.03057745484517191,-0.008304252091405465,-0.010595923469215271,-0.0226028613844066,-0.0049089467233335675,-0.011885898979223795
2000-08-31,0.017747138213569085,-0.01913685956694508,-0.023204297972249252,-0.004406796234574863,0.007100147842717939,-0.027333396965303926,-0.029614061317813793,-0.004406796234574863,-0.03245640178513302,-0.016439604828285645,-0.023204297972249252
2000-09-30,-0.005362711534089064,-0.014804849257932028,-0.02147069498476236,0.016461380696526928,-0.011324891388500298,-0.024691297051355882,-0.006231591896219185,0.016461380696526928,-0.01783737257551247,-0.012805480391102422,-0.02147069498476236
2000-10-31,0.02126258271346671,0.021104553274751987,0.02372923995613331,0.009313037838841087,0.02945152680484327,-0.0022304946483851407,0.032133373018278254,0.009313037838841087,-0.016452519332963357,0.024760611427693605,0.02372923995613331
2000-11-30,0.11036369414039837,0.10070334844743424,0.052577285413714724,0.013824404458053455,0.040563526978478044,0.03445442336448257,0.037496905722239814,0.013824404458053455,-0.0523025446862889,0.04564364002439177,0.052577285413714724
2000-12-31,0.01287466793636278,0.010518242154271802,0.0033161580273407738,0.015474026502772468,0.002891158027340774,-0.007433962180827781,0.013799908053440677,0.015474026502772468,-0.006853841050228609,0.001693089864716885,0.0033161580273407738
2001-01-31,-0.027574491270096882,-0.028779804891291273,-0.016104944924636905,-0.004859480954809932,-0.0025508665646008385,-0.01239200083783837,-0.01191541479478828,-0.004859480954809932,-0.020358134662906046,-0.006012421538074186,-0.016104944924636905
2001-02-28,0.008399923452479818,-0.034355286310391586,-0.023773662564351795,0.021105464356322705,-0.006843337487213213,-0.011326765105738223,-0.003131321018154843,0.021105464356322705,0.004429610413208048,-0.0273211282476386,-0.023773662564351795
2001-03-31,0.02417417895469713,0.015233767370791395,0.005238380344576675,0.005959311735349047,-0.015065722841027258,0.007610224896415019,0.01808734362362343,0.005959311735349047,-0.021242856461703697,0.004277823824260081,0.005238380344576675
2001-04-30,-0.023612527453946156,-0.031928130726911017,-0.038758698905086646,0.0020663659695807773,-0.03850326928442506,-0.015334273553989102,-0.027694747014289246,0.0020663659695807773,0.021096580095480457,-0.02389515988849219,-0.038758698905086646
2001-05-31,0.007695319547977124,0.023090709705982267,0.018230897886737516,0.015345144679467054,-0.008035792692215672,-0.0031705468656987343,0.02528825916471675,0.015345144679467054,0.02798161156546061,0.01560046195162404,0.018230897886737516
2001-06-30,0.023722971482187626,0.028545957534772314,0.014293153131059444,0.007859951271893968,0.03229862704233373,0.01489388052713202,-0.004380890589381826,0.007859951271893968,0.002262418148232547,0.014193153131059445,0.014293153131059444
2001-07-31,0.032710583637131994,0.011849037556675391,0.02499869485573444,0.010520808163092057,0.015885710432567916,0.02057961780048325,-0.01797384580823742,0.010520808163092057,0.012264473660919128,0.01696308928217714,0.02499869485573444
2001-08-31,-0.07167589288449029,-0.031463849555793365,-0.022252401008465532,-0.026704205352812163,0.004714300741797355,0.010431520361743976,-0.002722574550916182,-0.026704205352812163,0.03471534135415741,-0.022481921007267886,-0.022252401008465532
2001-09-30,0.0015826250274623781,0.003348778788857824,0.00963694065268865,0.015888649033377195,-0.0036400759616348447,0.0017590544325467284,0.013181535876001974,0.015888649033377195,-0.025183697102133657,0.014268304624597243,0.00963694065268865
2001-10-31,0.0007605703893412456,-0.003098513631799949,-0.011558853685021847,0.002131608931820477,-0.004641069143221019,-0.007670398702001948,-0.005629203725837403,0.002131608931820477,-0.019864411607262947,-0.00700175094187794,-0.011558853685021847
2001-11-30,0.021988037702187928,0.0193920476299032,0.03124810841029201,0.020582031193489475,-0.017085940962568498,0.025119407215123114,0.03605934812758477,0.020582031193489475,0.010321526661287687,0.016567886133803778,0.03124810841029201
2001-12-31,0.003390922439512105,-0.00412953715850546,-0.008461901460211411,0.015046104801758633,-0.009120900146291711,-0.007711737426964082,-0.00621197500864582,0.015046104801758633,0.012218093832666404,-0.008745234793544745,-0.008461901460211411
2002-01-31,0.020226130957489166,0.02088568024772367,0.02256295779970806,0.016760664104759956,0.0152727778948249,0.017267410673452107,0.006635229480249401,0.016760664104759956,0.01649399743809329,0.017270831260730927,0.02256295779970806
2002-02-28,0.011938921347031967,0.02211519691598181,0.0160622628236361,0.02396056941602091,0.0031211617780510653,0.02633263716267227,-0.00382139687119601,0.02396056941602091,0.02396056941602091,0.018595068884284943,0.0160622628236361
2002-03-31,0.009916510175061273,-0.006820723248093426,0.011315523601750786,0.005132770477158511,0.005584968301573157,0.006854846332479498,-0.0057140425049985785,0.005132770477158511,0.005004439151338352,0.002000963866240203,0.011315523601750786
2002-04-30,0.0710613422366924,0.0599635086237344,0.03827384991668373,0.037776806778335045,0.03851016368281476,0.020644260795897623,0.025684755673632636,0.037776806778335045,0.010071874283124997,0.03989347209328728,0.03827384991668373
2002-05-31,-0.0036780862962822484,0.02435907750028759,-0.003571678364745156,-0.0013076375484572314,-0.00700414881191247,0.02869851702288149,-0.01175358630987588,-0.0013076375484572314,-0.005236361339435327,-0.0038550116980784893,-0.003571678364745156
2002-06-30,-0.030556382867218904,-0.029926841147564016,-0.030729127679780543,-0.02584664012359693,-0.04228437438267539,-0.0268099822817836,-0.01641222366099013,-0.02584664012359693,0.025179973456930262,-0.033213966184474655,-0.030729127679780543
2002-07-31,0.014097493432737328,0.013195272778711856,0.015862742831028204,0.011494429644101738,0.016158433815675475,-0.00929090960095247,0.005287453849617148,0.011494429644101738,-0.011494429644101738,0.008167083983152143,0.015862742831028204
2002-08-31,-0.033045223818028845,-0.0122799791298708,0.003974140278666589,0.009800914536903082,-0.006862993005639949,0.0016545403903304905,-0.005373906159276771,0.009800914536903082,-0.008155089206534176,-0.006437660355537491,0.003974140278666589
2002-09-30,0.0401244871045223,0.02120494536580993,0.022593537039039803,0.02425287949773407,0.01735563214461002,0.026273583105694217,0.01797292781932528,0.02425287949773407,-0.02861687712776393,0.020828204681917806,0.022593537039039803
2002-10-31,0.029151038898960188,0.013192508540515561,0.015425599496458678,0.02226868204771777,0.01985085643751417,0.01502111610330001,0.009244306283634667,0.02226868204771777,-0.022535348714384434,0.018441697704652225,0.015425599496458678
2002-11-30,-0.008227971547198698,-0.011068174811714857,-0.0035274604742378092,0.006301747575920197,-0.021203725712168723,-0.039820546837045306,-0.021873798736111942,0.006301747575920197,0.014341159402986432,-0.02878025713923371,-0.0035274604742378092
2002-12-31,0.008986252690032646,0.018334165259497028,0.023917037320301954,0.028709701735556214,0.02754576692974807,0.00013232186167652857,0.0035903448744583886,0.028709701735556214,-0.032798830861862034,0.017605802482247242,0.023917037320301954
2003-01-31,0.012801453298319736,0.018629275190882172,-0.0012331373139497493,0.006998123883077981,0.0383791545725157,0.009086338198268746,-0.011437647627390786,0.006998123883077981,-0.01540760463255068,0.022319299523626532,0.006581457216411314
2003-02-28,0.0007977370984585207,0.007363159030849968,-0.0038570573710732044,-0.006041402647420075,0.001789664088854256,0.0023603959584598475,-0.0054156694480498365,-0.006041402647420075,-0.005631795697287388,-0.0007734288288711083,-0.006041402647420075
2003-03-31,-0.02889414621276433,-0.010200139778859996,0.003457729073929045,0.03555009345431011,0.0037243957405957116,-0.017404074891153476,0.03404286303730845,0.03555009345431011,-0.031317846394571455,0.005150256282502466,0.029788246043157267
2003-04-30,0.006671086988095907,0.001143393973643752,0.011059276097138639,0.02918573498044296,-0.018380014429133115,-0.010607404275132322,0.013343452092027485,0.02918573498044296,0.030067941009113103,-0.006507103309606264,0.029002401647109627
2003-05-31,0.07104746729328133,0.06067652532417272,0.0439924576118222,0.00795987728631475,0.060292798854563436,0.06340400578609805,0.007560086548529596,0.00795987728631475,0.02322121707091672,0.04380912427848887,0.00795987728631475
2003-06-30,-0.02742565694643344,-0.019928969844655087,-0.013414395101850083,-0.009089554684516474,-0.0064432794511349615,-0.011991554566835877,0.002586226827344657,-0.009089554684516474,-0.009356221351183141,-0.011161696035224789,-0.01539810593722624
2003-07-31,0.032633527124511355,0.01245803661747431,0.002616105429809006,-0.009808200882329423,0.02671076256973624,0.006757610663485396,-0.007772139587812371,-0.009808200882329423,-0.0048853913171392205,0.0019968970041735912,0.002146897004173591
2003-08-31,-0.014256370094572923,-0.02803556787136834,-0.000681216386640141,0.010344111785384946,-0.015963422335420814,0.0009231149193369226,-0.009106574141103996,0.010344111785384946,0.013497335947977243,-0.011254917350207743,-0.010672614128973528
2003-09-30,0.0472343242571923,0.046134885031674386,0.0341398047457523,0.03304294690307038,0.008828824012346977,0.027091363834034005,0.002821496660348608,0.03304294690307038,0.02316350983237718,0.03051363424045879,0.0342898047457523
2003-10-31,-0.014287085693080643,-0.005268354176049088,0.003841600750759757,0.017051788794920322,-0.014849113756679187,-0.006812765610999553,-0.0028786681627434815,0.017051788794920322,0.02417030845675042,0.003691600750759757,0.003841600750759757
2003-11-30,0.017155073458203114,0.009967481370173555,0.011925837285724352,0.014894837715211785,0.006901791504163156,0.006260936465828409,0.0037249645590280295,0.014894837715211785,0.010508957865085225,0.006669560947268472,0.006669560947268472
2003-12-31,0.034437521298986244,0.035911518259929776,0.040701463268032395,0.02408617608410501,0.04686661702048779,0.049952405618158745,-0.006132706820801781,0.02408617608410501,-0.00028973397835638584,0.052710301661726175,0.0408014632680324
2004-01-31,0.01854618455621256,0.023325592608675776,0.035384532191327346,0.034197481222142306,0.025402476615334374,0.014517571052768352,0.02771111375988542,0.034197481222142306,0.02572282131630313,0.03528453219132734,0.035384532191327346
2004-02-29,-0.0368355370506692,-0.042163098015948516,-0.018693764122792014,-0.02967442708764036,-0.02669368204334531,0.0023147140159813792,-0.02618104801983528,-0.02967442708764036,-0.018109823111204498,-0.038917055734448605,-0.038917055734448605
2004-03-31,-0.05057025241556086,-0.047252343978686245,-0.036257161154681854,-0.02080311405700675,-0.029558761850777965,-0.01226319016229907,-0.029808761850777965,-0.02080311405700675,-0.009933869161187053,-0.03644049448801519,-0.03644049448801519
2004-04-30,-0.015769036676315094,-0.01304684491160378,-0.0032200547622683235,0.0011080131839584606,-0.004174877520837785,-0.01404809399497322,-0.006876996595205379,0.0011080131839584606,-0.012406945592016348,-0.014411898820940041,-0.0032200547622683235
2004-05-31,0.01774337580657391,0.0008818855311299792,0.0036007354145763085,-0.009435257381445704,-0.001033838293738426,0.0042026739989038915,0.016537599635098234,-0.009435257381445704,-0.013364074548658036,0.0035007354145763087,-0.00691072269632616
2004-06-30,0.029571602130728413,0.024975777537658887,0.021251208622035243,0.02398061911397761,0.012031919088787002,0.014615685765950388,0.015244379859447411,0.02398061911397761,0.018676327233322805,0.02636842060090015,0.030590231971352133
2004-07-31,0.010056264583925813,-0.0023322461010431713,-0.007237405887585676,0.0019987648511331137,-0.008125368358610385,-0.0035572349820262223,0.0015400017332460828,0.0019987648511331137,0.0015328450013364404,-0.011599541323237282,-0.006492523357273945
2004-08-31,0.00454670933588484,0.02266003431757137,0.012312089309815968,0.021707452259293582,-0.017809536638350908,-0.004242841908433682,0.013887748297391872,0.021707452259293582,0.030221625948166877,0.009933618147274507,0.012412089309815967
2004-09-30,-0.022269999683718615,-0.018826092402834275,-0.02362829445677902,-0.0035061183698537153,-0.024300128972580094,-0.022220966930264117,-0.004698037049123691,-0.0035061183698537153,0.014872969656255869,-0.012554843681787064,-0.012454843681787064
2004-10-31,0.020865250081621302,0.008277959256132186,-0.015245420797894224,0.01705173173012305,-0.014225682699969123,-0.009442755397247149,-0.010932050103438057,0.01705173173012305,-0.025050414575904872,-0.012637725249832501,0.003391296876570367
2004-11-30,0.0014788753518342381,0.004745441251610561,-0.006868677540927491,0.00686958238225022,-0.013090590630059634,-0.006198152995631546,-0.006395724375436493,0.00686958238225022,0.010614551030116987,-0.010638733399090185,0.006562228047846785
2004-12-31,0.034906000588137046,0.034593616276556736,0.039471545610666216,0.023161201054454284,0.029601751530787646,0.03611191277555938,0.017909203107081228,0.023161201054454284,-0.00249923999898787,0.02049559205268137,0.02289453438778762
2005-01-31,0.0037306560375064864,0.004827203248713881,-0.0053110772440223076,0.012402114250923666,-0.004002772103337859,-0.012510126654973466,-0.0009657822848170448,0.012402114250923666,0.020004862855071626,-0.005511077244022307,0.012402114250923666
2005-02-28,0.014523796161922837,0.020781132054433632,0.015646966070231874,0.008501656259762413,0.015180636775464352,0.005383320163405023,0.009884472678741457,0.008501656259762413,-0.0018215190084496268,0.015646966070231874,0.008501656259762413
2005-03-31,0.04104229202305081,0.01988422445186634,0.012777864497853524,0.009567886242675515,0.008141715462306498,0.018336532073738535,0.0028666525624490764,0.009567886242675515,-0.011384155064000754,0.014765138039780381,0.008108382128973165
2005-04-30,0.04158771614454082,0.023811803556788143,0.011393994677880841,-0.0020930501221216088,0.018579184446273996,-0.02050796147366978,0.00193610121231594,-0.0020930501221216088,0.00800363629098175,0.018479184446273996,0.0035217090802922104
2005-05-31,0.016606753917156138,0.017170931086818192,0.024162533332428723,0.019282593042111024,0.03221173612394924,-0.01570049269163399,0.024987173715260037,0.019282593042111024,0.01157967638166719,0.030955407337897915,0.01901592637544436
2005-06-30,-0.004510315048428332,-0.01004010563167766,-0.0003422859451581041,-0.006250349931868864,-0.010000311394383234,-0.003631037361254662,-0.00472882783867963,-0.006250349931868864,0.003830352836194019,-0.001624714694224673,-0.006250349931868864
2005-07-31,-0.024846434369843802,-0.014415152402338085,-0.016609445365051448,-0.00834707643757943,-0.0062459719560282595,-0.0068241458358085745,-0.0020320042490174725,-0.00834707643757943,0.0008469674045371415,-0.016876112031718113,-0.00834707643757943
2005-08-31,0.02378819220067126,0.025284914662053487,0.03487214658466329,0.027743605912756528,0.01378173924218856,0.02176586193716187,0.005087130747928365,0.027743605912756528,0.03117030834457301,0.03336568716811236,0.03331568716811236
2005-09-30,0.02923793074160358,0.020764163782158958,0.0192773705241407,0.018315950884239297,0.015425789252437821,-0.0029517176949075733,0.022249008772204527,0.018315950884239297,0.00957153906387322,0.019177370524140702,0.018239500177090612
2005-10-31,0.037816348834359734,0.025587486528261524,0.031002027036454334,0.015195768181161015,0.028170427149589585,0.0013199319159099708,0.028451762203295983,0.015195768181161015,-0.004071842888757418,0.028735095536629316,0.02871607544499724
2005-11-30,0.0021583333333333333,-0.008171393537602826,-0.018121056507418173,-0.02026822504366073,-0.014251792578278289,0.014912397747665224,-0.01793772317408484,-0.02026822504366073,-0.004754694153752387,-0.01131495032000951,-0.018104389840751505
2005-12-31,-0.001259487531901085,-0.014310975016317545,-0.011667585340890615,0.0004385111468586684,-0.019873421960264807,-0.01566445646791294,-0.0023205264584687892,0.0004385111468586684,0.015375047982543025,-0.011950918674223949,-0.011667585340890615
2006-01-31,-0.0055968389781337596,0.0027213870207518456,0.003721476363233958,0.0054268970026745324,0.0004628734045881895,-0.007420881524214703,0.0010170967048911644,0.0054268970026745324,0.00891894989448315,0.005476897002674532,0.005498444125055107
2006-02-28,0.01788917786610901,0.0060174246084253105,-0.024897192884108424,-0.036434477483851875,-0.011847598774986203,0.03350740213454909,-0.029393577343710352,-0.036434477483851875,-0.006538921100262728,-0.025180526217441757,-0.024997192884108423
2006-03-31,0.029817017124349327,0.00264987476185252,-0.009101531785315635,-0.010546052744104539,-0.01392906603859181,-0.018394895302811232,0.0058750849438191765,-0.010546052744104539,0.027832164879492034,-0.014973409239973375,-0.009101531785315635
2006-04-30,0.004208914710321152,0.0006268380394856083,-0.008021340720355808,-0.01733090424129683,9.408572980770818e-05,0.0031390809183824836,-0.015585115476642547,-0.01733090424129683,-0.0024489298304256873,-0.013224603653704111,-0.015856752742708747
2006-05-31,0.012665830763112864,0.007604185463309208,0.00010604715961938529,-0.005158798424450847,0.012772419931487193,-0.0027297080712132497,-0.007514741975726385,-0.005158798424450847,0.006084867078870644,-0.01039093669171192,-0.004213254034738292
2006-06-30,-0.009811935712598183,-0.01046768766164369,-0.008325552277410012,0.01952704373973387,-0.008142218944076678,-0.004193879648910274,-0.01544912677057995,0.01952704373973387,-0.004534689805433271,-0.003671206731944446,-0.001914266161865266
2006-07-31,-0.017355277010978817,-0.024482648592876872,-0.018896427801406344,0.03275607576285037,-0.018768064515190797,-0.03375985188874594,0.037491771962339195,0.03275607576285037,-0.022065622553293564,-0.01895139784852413,0.02478643504069222
2006-08-31,-0.022088945157601618,-0.011998799059367312,-0.007172208743900678,0.005320301737592587,-0.004839073772019555,-0.006558585048759327,0.0017783020948980673,0.005320301737592587,-0.009712783357748327,-0.0006289489942300015,0.006681816058980692
2006-09-30,0.044500500741960256,0.031633824018325374,0.011992281410656799,0.015045361855986959,-0.004235150165228056,-0.0014877093321910458,0.024767402057464583,0.015045361855986959,0.029927439159542154,0.0022429741861190746,0.021387073599588646
2006-10-31,0.013127807501487088,0.03068494423326979,0.04119940052605898,-0.016668047736441146,0.044231311783504826,0.022325194827525204,0.01827985977977497,-0.016668047736441146,0.02552590569606712,0.028658289296798815,0.018163068503039302
2006-11-30,0.030960574679045953,0.027919392990115956,0.01260218083447989,0.029021031939278703,0.0008871651239327528,-0.004596689934156769,0.022221827781727977,0.029021031939278703,0.0274248309499871,0.01104877055331364,0.027291497616653768
2006-12-31,0.01346422443488675,0.005816493086829212,0.00016521910987055073,0.00781522093209686,0.005060553690626412,2.9851087450335435e-05,-0.0029648514394591953,0.00781522093209686,-0.0015991048400411836,-0.003995191448219132,-0.0015991048400411836
2007-01-31,0.001258476723521959,-0.01404063543127515,-0.004265806780560136,0.004203352547408672,-0.012220957590618857,0.0023607145272962877,0.00023605610378252267,0.004203352547408672,0.008540547453617375,-0.0018008417350869816,0.006157494016971686
2007-02-28,-0.014524309198813886,-0.008411563678299143,-0.007240937040003019,0.014731045959006345,-0.01099699751250961,-0.00018088512413526653,0.0046692836486775,0.014731045959006345,-0.01806691907958679,-0.0017671328745862034,0.011294380464844031
2007-03-31,0.039859820323860574,0.04659810468225408,0.011463745504998284,0.014458487649778692,0.004334574941139208,0.007924953706316379,0.030391844895163347,0.014458487649778692,-0.041510403106405996,0.007346337550591577,0.01045301036995918
2007-04-30,0.006099858923363611,-0.0057316106925987785,-0.00968751771860054,0.021224566801463448,-0.028286200068084265,-0.01121281529972933,0.026847112758333125,0.021224566801463448,0.020182000851222407,-0.01107803806652063,0.019531778531056893
2007-05-31,0.040908039831676304,0.030431415388630426,0.007029965570361676,0.033523749733030114,0.014953791872296179,-0.0029016791564156585,-0.004885374187991925,0.033523749733030114,0.01082000358004267,0.004278158668706534,0.02458581820486802
2007-06-30,-0.0007541465758772406,-0.0012190440354768286,-0.0038824041768677434,-0.012144377837979912,0.00721557890769589,0.015099392060162361,-0.015290622463165164,-0.012144377837979912,0.005814841909660328,-0.0069702269883023076,-0.01543139862810036
2007-07-31,-0.051080950260508885,-0.038503809302055034,-0.004963375712591605,-0.047847578029249264,-0.02566040193123849,0.02058950869472374,0.003918624426030107,-0.047847578029249264,0.06184476349777023,-0.03543423073497202,-0.03850943159863122
2007-08-31,0.06860469363216873,0.059255618500308284,0.03418943160516789,0.02571359436651326,0.049048449081877686,0.02156327758824374,-0.023599080581760273,0.02571359436651326,-0.06632812997103925,0.008146124098925789,0.013133711589653449
2007-09-30,0.004769772201563871,0.0226004473662178,0.009043891963070204,0.023381448700833994,0.009909010591606173,0.018728692741499183,-0.002420943566098801,0.023381448700833994,-0.010594139731730144,-0.0006179143952074449,0.020242844914192645
2007-10-31,0.024946418045431344,-0.010330806879682318,-0.01880294507598659,-0.04276461376370608,0.004659445029918784,0.00616703178133811,-0.00952002182963516,-0.04276461376370608,0.006942950601947952,-0.007197595826139949,-0.048798174872659666
2007-11-30,-0.01283836887269551,-0.00697335478083742,0.0016161071964648785,-0.005377087203802339,-0.0009785645682172626,0.001349440529798212,-0.011789133604739219,-0.005377087203802339,-0.0001515796089904305,0.013078104741072443,0.0004919765393656961
2007-12-31,-0.0006735910644442643,0.0009266204495473373,0.005234314164218743,-0.014520496731192593,0.01662640507176974,0.0006667829769325032,-0.022698648667682897,-0.014520496731192593,0.006282022595549324,-0.00466341376825164,0.006765715376975822
2008-01-31,0.03818027041634025,0.03361809806349047,0.018505047621087102,0.0030910218116771957,0.032455713556808395,0.0012000192828957802,0.009048416013860049,0.0030910218116771957,-0.01682422722996332,0.026504305230203543,0.012707033371960382
2008-02-29,0.05030348452806552,0.019839210117903197,0.02198671869460614,-0.04279660022358579,0.029639012307067426,0.031003801877712383,0.026879197471597872,-0.04279660022358579,0.029682444219928553,0.02178671869460614,0.021803385361272805
2008-03-31,-0.0048734220939300535,-0.009913627682511436,-0.00876754769668996,0.04397933479307771,0.0007072368706995923,0.0024151457239741632,-0.009005999375818656,0.04397933479307771,-0.040761612060761544,-0.00876754769668996,-0.00876754769668996
2008-04-30,0.017741935211920433,0.018132205743487118,0.009843726781901128,0.015083493712203558,0.0040728172286810405,0.0071929053566844835,0.007119967866385646,0.015083493712203558,0.01664044094539505,0.00392683842496389,0.009843726781901128
2008-05-31,0.005526049151311208,0.0031584707394028983,0.005048425207922317,-0.010305184795573121,0.007055647808035159,0.002398177579612326,0.002217473879497772,-0.010305184795573121,-0.010112956100768547,0.004948425207922317,0.005048425207922317
2008-06-30,-0.005720717782855538,0.0028513020463612196,0.0018452255454334302,-0.00022986533795573165,-0.0035477310862064696,0.0026859075754544536,-0.014618193106835278,-0.00022986533795573165,0.009945343880594013,-0.007068995874876473,0.0018452255454334302
2008-07-31,-0.09102856606506078,-0.07871889469383744,-0.05079532272643912,-0.04366828365499065,-0.031087985925348442,-0.03704471832451489,-0.026828238117234355,-0.04366828365499065,0.012808697094557047,-0.05392019206094356,-0.04914407891657338
2008-08-31,-0.07570663559848827,-0.07179174040871435,-0.05450135981706002,-0.06783912868103012,-0.05224213353612096,0.021553116169730113,-0.03631130985359492,-0.06783912868103012,-0.059957712059919344,-0.07134607621600425,-0.054847740565807254
2008-09-30,0.02357100637287452,0.0017708042491209346,0.005185604839217323,-0.15843870699809137,-0.023045794880057417,0.026869141580176826,-0.06803653377358816,-0.15843870699809137,0.1577720403314247,-0.10518049961110723,-0.01765141851863964
2008-10-31,-0.04107722341151556,-0.04354129882773554,-0.02117604668266338,-0.03475153351548549,0.01373370483290874,0.029368993119633445,-0.04393205169134833,-0.03475153351548549,0.02633792439042939,-0.004002741430083581,0.03028201804279261
2008-11-30,0.00636675855114311,0.038722538825810116,0.0314659850714715,-0.015120573032051369,-0.02147049179416103,0.07681605180461931,-0.04117629026453928,-0.015120573032051369,0.031413301516552895,0.0061974083295578426,0.10465022872093722
2008-12-31,0.010059318809216698,-0.06903121344713445,-0.04550127185209376,-0.04424912994523544,0.04948614612050121,-0.03007774704780552,-0.05314107630578989,-0.04424912994523544,-0.02339525890760936,-0.0034543606683052693,-0.05109820611912695
2009-01-31,-0.08441272993422652,-0.050446258918597296,0.0008958042660800393,0.024821866186462194,-0.03018022502738791,0.0009958042660800394,0.05047613074326588,0.024821866186462194,-0.01856381673787658,-0.0003790637864061288,-2.6599990020103557e-05
2009-02-28,0.024030648522836984,-0.01898984312326843,-0.0036385540864418424,0.08032546862652742,-0.05407625257989583,0.07605587183847302,0.057784084238200965,0.08032546862652742,-0.08042546862652743,-0.0014597332622763067,0.02908987431411033
2009-03-31,0.02756412851551163,0.0065199669329215545,-0.012359138631823917,0.02839627547948594,-0.030795757192265162,-0.008103130652647558,0.01916264788805602,0.02839627547948594,-0.004231216863689885,-0.009012495663214583,-0.0013156422947082848
2009-04-30,-0.006746855837822546,0.02527289182194476,0.03537818195936368,0.04211984012735384,-0.05166368672016491,0.0015635402263101089,0.04352793734031938,0.04211984012735384,0.017776737092003326,0.0006782253707845118,0.03529484862603035
2009-05-31,0.009172691318389013,0.004809734511476322,0.0009415744350441529,0.024816257962611592,-0.00516277371243287,0.015055917062609836,0.01460848801822193,0.024816257962611592,-0.013997283143668741,-8.169848278669363e-05,0.00011830151721330638
2009-06-30,-0.017629475393444366,0.0009123903407850657,0.0065742786672329375,0.0069958794034823135,-0.03639068806553609,0.0010891654220514801,0.0018647473261953651,0.0069958794034823135,0.041792467977384215,0.006800741728823621,0.019227796183777075
2009-07-31,0.02374159798473866,0.020599847457930608,0.017121385075471004,0.02345031398900025,-0.004134997149545575,0.022790531134728897,0.0003749716671199851,0.02345031398900025,-0.0035351690354547202,0.00720649895481572,0.011319130485216794
2009-08-31,0.03617880626327079,0.027728710695389434,0.033173067766978065,0.027544952330355362,-0.019833411449665498,0.017417300494202634,0.006800703919752007,0.027544952330355362,0.028859154827546894,0.03424051111515694,0.0179373383753808
2009-09-30,0.025425602993947836,0.025092963028304688,0.021614059059937,0.019605263087522234,-0.0013006982147790308,0.021223620603225177,0.018732897560275182,0.019605263087522234,0.013650270463444046,0.01932074893096492,0.021430725726603667
2009-10-31,0.005111898821002719,-0.012527111830426485,-0.007983749149547286,-0.020492749443088275,0.022827832037938336,0.01149068020665027,-0.017770463082529983,-0.020492749443088275,-0.020549989191601604,-0.017233632250009984,-0.00804098889806061
2009-11-30,0.0074157645299970446,0.012353778192488037,0.02099645319867099,0.017543974973712708,-0.029320737320051974,-0.004766379891749654,0.03902709422125598,0.017543974973712708,0.031026678423869643,0.01303636506070041,-0.002624748561860702
2009-12-31,0.022959295488902645,0.00102866047248076,-0.006026054833854218,-0.022805525332229862,0.012895115020989457,0.003779112205353728,-0.005975654040160924,-0.022805525332229862,-0.022528125082520015,-0.006176054833854218,0.0007857808460491236
2010-01-31,-0.004825468241359059,0.016484974160700622,0.00947209151057834,-0.005509700311050092,-0.0009227016984623925,0.027434803445277323,-0.015111907466551059,-0.005509700311050092,0.014658027669779094,-0.0071956209758674205,0.027434803445277323
2010-02-28,0.07604241404091852,0.050228621602922324,0.0300368587516885,0.0170958122345959,-0.007324319395401056,0.012656745398066235,0.02645646358998414,0.0170958122345959,0.0227879791015739,0.020470264597430923,0.012656745398066235
2010-03-31,0.021991032689095254,0.027868671785826443,0.019898514397256973,0.021057424706852644,-0.00586813600663999,-0.007806983470034348,0.0014593566956978383,0.021057424706852644,0.02995248671414671,0.020968959291191462,0.006064964924792031
2010-04-30,-0.1258195492734367,-0.05275169908285939,-0.035087391031028495,-0.08187816266534978,0.0474714909977812,0.046882076662759516,-0.011233631745329202,-0.08187816266534978,-0.05995060430069908,-0.023778499315389872,-0.022685899408293072
2010-05-31,-0.014967539911288645,-0.003480634264889694,0.01751026441123527,-0.0005928648949924504,-0.005100130639977655,0.004024830472725664,-0.0038550568659042163,-0.0005928648949924504,0.026125502982600142,-0.01725607141441712,0.025615563855490187
2010-06-30,-0.00611524719794782,0.024448287468328823,0.01980048264924481,0.031576240970844084,0.02271955971465285,-0.009774860921599647,0.04611274318170551,0.031576240970844084,-0.04502577584007922,-0.029127199013838846,-0.042496688905873485
2010-07-31,-0.038106684501396974,-0.029791490003890975,-0.04445861297892747,-0.04601963044465402,-0.010172308241108877,-0.0070807720828031115,-0.019158993244760374,-0.04601963044465402,-0.021708218567207286,-0.03851048034844214,-0.013600936202698954
2010-08-31,0.04790904084579564,0.04075515383874889,0.04128190894335097,0.052062615240692604,0.023948137596853897,-0.016898093280296896,0.04469800483752027,0.052062615240692604,-0.05945184747285167,0.040965242276684306,-0.01676475994696356
2010-09-30,0.02396775058407083,0.007280004562749559,0.00214228004296759,0.011059949843035745,-0.0003405622438126439,-0.006081935376436056,0.0061124863286001726,0.011059949843035745,9.053208305719073e-05,0.013287112662424456,-0.011839702428366274
2010-10-31,-0.03128723802914121,-0.013665398725598342,-0.0053849526703897786,-0.012037905602355084,0.011051376089030127,0.0038116216255052494,-0.0035845870943042907,-0.012037905602355084,-0.012137905602355083,-0.005568286003723112,0.0016296550043334085
2010-11-30,-0.008362493201109223,-0.0003870173775542857,0.01109446121211424,0.018153545771062048,0.026241474540917492,-0.009676626062070724,-0.01186310832300498,0.018153545771062048,0.009087976357025226,0.01109446121211424,0.007657585257403341
2010-12-31,0.05315595635664274,0.05220580759332469,0.015423183385180847,0.008724989829766567,0.003057671451351442,-0.0027048524678638147,0.032873112308136325,0.008724989829766567,0.008574989829766566,0.015423183385180847,0.004189337655561107
2011-01-31,0.014347372632828148,0.01102345038328439,0.00048277027924109535,0.0057087066658347806,0.020277906092872028,0.028575320361767114,-0.005445766071506598,0.0057087066658347806,0.023910970322607326,0.01888503393601364,0.03272763331398946
2011-02-28,0.01603256508260594,0.00393864147621037,0.008018047951476853,0.0164582449455763,0.0039945797568762,-0.0017621793836909156,-0.005489333256920574,0.0164582449455763,0.01144318559943381,0.013033107297619341,-0.0030212408896925424
2011-03-31,0.03015659872668549,0.008498887008354947,0.004330793781044931,0.03267109185587741,0.0038979744283121113,0.008333058279521428,0.0038314805119216964,0.03267109185587741,0.02206142047893391,0.019190859224036325,0.018759396323131592
2011-04-30,-0.023757493046661703,-0.02430583874333961,-0.022636766045560974,-0.01395513639387859,-0.02710907292173918,0.005657204490122661,-0.0018853653732609638,-0.01395513639387859,-0.028062760625192935,-0.017704481704023375,0.013034224678525452
2011-05-31,-0.026611241887035186,-0.01825298841944077,-0.003133731585413554,0.00023747399900415152,0.00041892339296029156,-0.004879170319120949,-0.012951997763722337,0.00023747399900415152,0.00013747399900415153,-0.0005645303095747065,-0.003255997137564884
2011-06-30,-0.03978460690674064,-0.04049199671921758,-0.03314267746721785,-0.006429008089378494,-0.0434274338767638,0.008726791367154416,-0.00907582993760727,-0.006429008089378494,-0.006429008089378494,-0.038939793258405006,0.003749612582821712
2011-07-31,0.006559798238542129,0.0014108270667004851,0.007999045858080152,-0.010114954830278725,0.01036062595302576,0.01569002338568426,-0.010312826251160095,-0.010114954830278725,0.009448288163612059,6.941829338341474e-05,-0.0032301653139947734
2011-08-31,0.043996175253397614,-0.0017751316381117938,0.02530498028668784,-0.05202260280665989,0.0013656790256228867,-0.0023519862873993096,0.02157355734433942,-0.05202260280665989,0.05202260280665989,-0.012017325089788715,-0.002435319620732643
2011-09-30,0.02193744157988569,0.011512807695223531,-0.012721599879717271,0.05989915541457909,0.02220862694995476,0.0028838743668197224,0.009199837302588467,0.05989915541457909,-0.05989915541457909,-0.008267732114830135,-0.032515547050909956
2011-10-31,0.001997572606473043,0.018474430543874577,0.0173588159523086,-0.025425614313140166,-0.011115058882114637,0.011496551748507557,-0.0015375856368592508,-0.025425614313140166,0.025425614313140166,0.012229300706274131,0.01172988508184089
2011-11-30,-0.020411973643046453,0.00042397392821952177,0.0059201954599367,-0.0002515924012777022,-0.007095797148344232,0.007808748538049685,0.010899267687487736,-0.0002515924012777022,0.0002515924012777022,0.0013058377535071057,0.001106629906842202
2011-12-31,0.004675181564290864,0.016476116060183094,0.008923067361895985,0.02875113043777585,-0.008594853138313293,-0.01241626177925569,0.011589109879531021,0.02875113043777585,0.010895241964546278,-0.013133717204863728,-0.012599595112589025
2012-01-31,0.011502110837080649,-0.0039997056248618195,-0.014849797422601622,0.04430758242820179,-0.009949311782203967,-0.0007389140853391624,-0.019731007290535754,0.04430758242820179,0.044157582428201794,-0.020509186929729997,-0.0007389140853391624
2012-02-29,-0.012278494789803193,-0.0011121813327028877,0.00422589808610947,-0.0205873056911331,0.016758626454453023,0.001884674420397571,0.010850301410866734,-0.0205873056911331,-0.017353887330365348,0.002036795522645986,0.00013996844453987195
2012-03-31,0.013351715588784353,0.010123491371895825,0.014248799912222629,-0.007735802899387788,0.0045149251171891416,0.01844694848774516,0.013595877667830726,-0.007735802899387788,-0.003605553931449056,0.014259264270223072,0.018263615154411827
2012-04-30,0.06713087571250224,0.05252188872766819,0.03654297310886235,-0.05395785956132128,0.0265447102490813,0.020943771619533837,0.031563942688319205,-0.05395785956132128,-0.0421440104651805,0.03151914361781637,0.020943771619533837
2012-05-31,-0.055972488018658825,-0.04043315362878522,-0.036040664289669386,0.0481490811027104,-0.008137946920325219,0.0051836590648047885,-0.04140983019747407,0.0481490811027104,-0.014839930616075676,-0.022458792512824188,0.0051836590648047885
2012-06-30,-0.030207385011073062,-0.004637398156624792,-0.0006689031507827255,0.013280279966956042,0.012735492407921597,-0.005537652747814321,-0.023054939946391097,0.013280279966956042,0.02370102301785979,0.009410273929571437,-0.005537652747814321
2012-07-31,0.026812669870642642,0.02148018482035556,-0.002982320571498429,-0.0011211103189426377,-0.012251803182166614,-0.0028153265275783234,0.014077596966715029,-0.0011211103189426377,-0.011316816029498876,0.004885916765025025,-0.0028153265275783234
2012-08-31,-0.005617219853606388,-0.002284462112885879,-0.0008237474031828687,0.01146662705816704,-0.0023531820145580606,-0.011696066631201344,0.010580529570570136,0.01146662705816704,0.00097739206910973,0.0022827759154233915,-0.011696066631201344
2012-09-30,-0.009413671428159543,-0.008459517925860447,0.005060650144856334,0.0050998197070159035,-0.007538470674131716,-0.0048312703414716196,0.01705945370153609,0.0050998197070159035,0.0023523030435445404,0.001383324396723891,-0.0048312703414716196
2012-10-31,0.008966267921559651,0.005699342321250502,0.013588232555608407,0.014423725738021347,-0.0025554010070982535,-0.013220532255800643,0.01747711903751617,0.014423725738021347,0.016886341076223305,0.013404899222275073,0.002826823657571575
2012-11-30,-0.00945810174549704,-0.015972381967325058,0.016410483123952598,0.021892448953715685,-0.011665101527652873,-0.03067945193134353,0.020775799140035172,0.021892448953715685,0.022924424066881575,0.014423281890293002,-0.01078717824052193
2012-12-31,-0.04966541479436158,-0.05052920228271417,-0.042379973072277005,0.029137064212441853,-0.01139469149893221,-0.046314336693181614,-0.0031592004393165263,0.029137064212441853,-0.006864183226095243,0.004303992483798974,-0.050203510405055655
2013-01-31,-0.02781087205638143,-0.018198326790118118,-0.007006443481254744,-0.011125446747583138,0.01176799127169625,0.002918747873112101,-0.016220807932426414,-0.011125446747583138,-0.011925446747583139,0.006586829182432533,0.00629909561784737
2013-02-28,0.011390611304385078,0.008013083700143326,0.01362377256945157,0.015005378655745558,0.011712939107921259,0.013374798442525655,0.005832770635718536,0.015005378655745558,0.015005378655745558,0.012206018960069762,0.020752311596128076
2013-03-31,-0.000511433872116513,0.00867054007413593,0.0016127759169049039,0.018639129796498347,-0.003383332936519774,-0.008112675291987856,0.006875684802150248,0.018639129796498347,0.018639129796498347,0.021529813991851877,-0.008196008625321188
2013-04-30,-0.03825296808073697,-0.04595215541747171,-0.01434742070374784,-0.03235145263029339,0.02254847243208253,0.0040391202428931095,-0.009464095666415593,-0.03235145263029339,-0.03446003247952647,-0.01869421848589324,-0.012675333566164616
2013-05-31,-0.02804880850900403,-0.004906026408832186,-0.0028777654454762904,-0.046009705283627696,0.01256207775006705,0.006869322601079173,-0.027651954033877133,-0.046009705283627696,0.04276463741672905,-0.024251360336271642,0.003755941972909066
2013-06-30,0.005935134363402945,-0.0038657735064615735,0.0006423648741765685,0.003956208510929274,0.003120195861911824,-0.007278723674952515,-0.017207155541643506,0.003956208510929274,-0.0025134465622481,-0.01237139675651367,-0.02013242632119372
2013-07-31,-0.020155570375758918,-0.02339741441693335,-0.02511873403719324,-0.02160727809522678,-0.003048625333417941,-0.008236252942087026,0.008873656435001227,-0.02160727809522678,-0.022273944761893445,0.0065428839501469,-0.0183113690951909
2013-08-31,-0.030663254355623965,-0.00957259811427019,0.00383354641788683,0.03928870044655295,-0.030414405644278754,-0.010503069194074927,-0.014901707103394547,0.03928870044655295,-0.035732580096021656,0.005378282570848565,-0.010319735860741594
2013-09-30,-0.004027306576140569,-0.011281050965672033,0.00047445957766623515,0.007811085752099938,0.0006244595776662351,-0.000868631636609971,0.0047526030771941,0.007811085752099938,-0.0011750797249861133,-0.005844109290117987,0.006135801886648899
2013-10-31,0.022062469190593792,0.005568650023804647,0.00392168268090567,-0.010774625074357861,-0.008245976475415218,0.021661129489508078,-0.01366964712488955,-0.010774625074357861,-0.011441291741024527,-0.008395976475415219,-0.004085765144036476
2013-11-30,-0.002271775783764439,-0.014523372912103686,-0.010991579431848237,0.003796296728821813,-0.010012834257465682,0.005692946198940482,-0.013101872022469001,0.003796296728821813,0.006912766419731053,0.00758272950770022,-0.01737610556973128
2013-12-31,-0.0132626691798744,0.0017290621731926796,-0.0006968225312626371,-0.02647044954829367,0.017467865061990995,0.006014555438050973,0.02048099619128934,-0.02647044954829367,-0.026737116214960336,0.01419553880098504,0.019879062160632552
2014-01-31,-0.019705304023401097,-0.02060945651678963,-0.009070060213067173,0.02667159003844879,-0.005773536181951968,-0.003047064252217542,0.000503560225444493,0.02667159003844879,-0.027338256705115457,0.010949638153486119,-0.002484108695724935
2014-02-28,0.045549005763008146,0.029590474536261135,0.028623781662567547,0.03000742735193547,-0.011627099220549338,-0.019398237296393648,0.027622255401166262,0.03000742735193547,0.02554906426920999,-0.0004691270489387693,0.03021550381903026
2014-03-31,-0.014333188283487534,-0.009661563338918157,0.0004035534579505931,-0.0029048808995145187,-0.0015725385799773557,-0.000680208579950677,-0.00380317481633245,-0.0029048808995145187,-0.007034016687163142,0.0001535534579505931,-0.0011285243070065245
2014-04-30,0.0049697176007776935,0.008256648974835322,0.015553689374503084,9.222393329501918e-06,0.010611418061155151,0.0006201816476608907,0.022077187492870524,9.222393329501918e-06,-0.0002574442733371647,0.0150019409654365,0.015553689374503084
2014-05-31,0.02488727572628064,0.02954308212595641,0.018948263262327215,0.0041076001880923155,-0.003437225459546989,0.00638814905589682,0.019430588624450712,0.0041076001880923155,0.0041076001880923155,0.004223403529084951,0.015228091372000513
2014-06-30,-0.003846323164746108,-0.0026022453161953524,0.00588477663506764,-0.005721650667364142,0.003989919945598837,0.016748535668164352,0.006435795805529389,-0.005721650667364142,-0.008220845539630317,0.008011413688799571,0.01132259996668483
2014-07-31,-0.0009724627619103892,0.0014498099301528695,0.004936840463379208,0.013265482731799323,0.009444372207032441,-0.0009176153697658957,0.012304477479823705,0.013265482731799323,-0.011917364293706195,0.012384513953790557,-0.0009136095488769816
2014-08-31,-0.035202261861711395,-0.03092633602708097,-0.019640689711615134,-0.030639539025547433,-0.0010294653449804134,0.026026006189570995,-0.011417058398375311,-0.030639539025547433,-0.025424759851522028,-0.002501441991807453,-0.01550220951093149
2014-09-30,0.02659256337857204,0.013085081216853856,0.014659373744321462,-0.007070080365575028,-0.0010996825672225426,0.008088572289904795,0.009002519174281954,-0.007070080365575028,0.004018567233631071,0.0009658572005000011,0.0019463571494578054
2014-10-31,0.018315593410541356,-0.007811520120564502,0.0015322289067877394,-0.01204199486164163,0.008079520656341817,0.018856570654560534,-0.03413825844284991,-0.01204199486164163,0.0015835575413224701,-0.006387727954629802,-0.013667928858201117
2014-11-30,0.04574398849035865,0.04634379456683827,0.03235654646179466,-0.001041516880133101,0.004943933740569659,0.04213508884752992,-0.003221466331198429,-0.001041516880133101,-0.0001265867570585727,0.04267863542866903,0.03280817735584004
2014-12-31,-0.0142070079160274,-0.06527181911287275,-0.0490585285658326,-0.0346781204417768,-0.049291861899165935,-0.021288132335964008,0.013639420381209029,-0.0346781204417768,0.08983651338881872,-0.018916595743471338,-0.05573557968425579
2015-01-31,0.07710981792167598,0.04842810470333135,0.01982679953892379,0.038828415523879174,0.018478675482156707,0.011188248651007905,-0.019961808587135078,0.038828415523879174,-0.02998290178678783,0.030547139911141875,0.02573458195118498
2015-02-28,0.014671348592497788,0.007443370804703285,0.009283984399978467,0.005871596353149065,0.006834506030042939,0.015217806393455434,0.0027306908153205862,0.005871596353149065,-8.072874901323258e-05,0.022066650396231992,0.0069853565190939595
2015-03-31,-0.030288655202418836,-0.02439275994780667,-0.02548497694265487,0.004837334090256443,-0.019021992644359585,-0.011829918091669809,0.007253723016056688,0.004837334090256443,-0.03712490701000663,-0.016110096254555093,-0.004587564500685669
2015-04-30,-0.04568643390416846,-0.03956291198315663,-0.025215337452333668,-0.027269962571174734,-0.007483966492821234,0.032280469093998426,-0.02549181490527239,-0.027269962571174734,-0.011107432817985378,-0.018276307438128494,-0.024396469677928936
2015-05-31,-0.05115582744944326,-0.061401556895076516,-0.029218577496686764,-0.031030151385232532,-0.01880271710295906,0.0321375473745525,-0.010599193727061036,-0.031030151385232532,-0.022445104490541226,-0.03142882572904001,-0.024317099718308546
2015-06-30,0.02191428795298003,0.021924765835209865,0.027734072135601022,-0.00797594022617698,0.026801623820659527,0.01680254851802857,-0.011986453323524935,-0.00797594022617698,0.018551693856748114,0.00515839465961592,0.008285979221257197
2015-07-31,0.019716210959593646,0.03413876640551438,0.008248630007167867,-0.038502413266735605,0.02933633815977698,0.023983482294293364,-0.018203056152943098,-0.038502413266735605,-0.02527499408444982,0.02939659095667372,0.02380014896096003
2015-08-31,0.019965495737505147,0.010316069980182136,-0.0029395450946302568,-0.006915539134847454,0.007638225553467592,0.0044937284249608415,-0.008495093337453876,-0.006915539134847454,0.00808537156284334,-0.00518316255517234,0.004733188516921155
2015-09-30,-0.01864357256027923,-0.0322168156965439,-0.015874613350965336,0.03909581473013199,-0.026831416346329014,-0.015498795056590096,0.016498580710770566,0.03909581473013199,-0.022129335028391362,-0.016455099487154325,-0.015498795056590096
2015-10-31,0.014804870931870509,0.0235803673919641,0.00828459995501653,0.026120751838652565,0.007907400209214533,-0.003138237152069092,0.02022442854755575,0.026120751838652565,0.007327717836466598,0.007724066875881199,-0.00512940858547469
2015-11-30,0.0017370976130029175,-0.020044966532913884,0.015333985455369412,-0.017511423234854488,-0.013547008749500595,0.0178367522324259,-0.02576399533828032,-0.017511423234854488,0.031221434672970526,0.01778981357499404,0.012338372621061132
2015-12-31,0.02143734702818033,0.030519775607436316,0.008185861131940636,-0.00882833455399519,0.01684861876508199,0.00043598476395306237,0.010288400814468763,-0.00882833455399519,-0.0015221943819348452,-0.016652039028441118,0.0005359847639530624
2016-01-31,-0.022270448978118675,-0.01666636711201064,-0.02313535786252791,0.0029708559116747822,-0.01025278290469722,-0.03462150192421999,-0.025014630254017824,0.0029708559116747822,0.0143587639763359,-0.0312377297503554,-0.035687215944502935
2016-02-29,-0.04983212660692976,-0.04329708794111995,-0.003969345540162809,0.011243890867960554,-0.02965867124771811,-0.01793696196372902,0.0008659800594499542,0.011243890867960554,-0.04159034714216497,-0.017442080647843812,0.006026696250009403
2016-03-31,-0.0050971816707634145,-0.020103856517040976,-0.015625961180944805,0.008560829658624106,-0.008826588383890962,-0.01822006552995083,-0.0027787557588614385,0.008560829658624106,-0.007916555488529974,-0.014939672286739439,-0.004278384974358518
2016-04-30,-0.013130280529541368,0.0031284707300074615,0.018214036980123898,-0.0065035462128649885,0.021108774920407726,0.0011907162245237486,0.011770654152982968,-0.0065035462128649885,-0.009996562867359443,0.017830703646790565,0.001374049557857082
2016-05-31,-0.007290920425669946,-0.06055632751749109,-0.0459929928023506,0.03420540862132812,-0.05201774676866287,0.016125187258599166,-0.03800877435611869,0.03420540862132812,-0.01907723026767996,-0.04437083548080394,0.016125187258599166
2016-06-30,-0.008664360884294956,-0.007282646714843284,-0.015399749818382115,0.006983420614794967,-0.007627820206408245,0.004236914867781571,-0.01139598601848651,0.006983420614794967,-0.0027565573595296137,-0.0009712945730756113,0.014309417271676393
2016-07-31,0.015815913494102003,0.014017452050725515,0.010330097729666228,0.00403153506959993,-0.008207367291134013,0.003996386788743928,0.00449909409728092,0.00403153506959993,0.006496977579212818,0.01006626140216506,0.004079720122077262
2016-08-31,0.029625405883094386,0.02474509001326022,-0.004225746148009698,0.0024058593601394536,-0.001571244464527834,0.0042919921923685895,0.004591196919079105,0.0024058593601394536,0.01168218851825954,-0.019419265866017638,0.0042919921923685895
2016-09-30,0.005557119154236756,0.011003604747904388,0.012965511508430162,0.02165009036367038,0.014935629505733926,-0.007493628934798011,-0.012972101270331571,0.02165009036367038,0.0010733594555810237,-0.013780950803277795,-0.0007391043260112348
2016-10-31,-0.02347491100001337,-0.0068001208310917065,0.029573350991737895,0.03405589409807097,-0.005209560184468716,-0.01199404335963263,0.0198267374112691,0.03405589409807097,0.010135043992255479,0.000476520619801655,-0.00477941213858621
2016-11-30,0.006162038787402955,0.01768299341382551,0.013496417974558592,-0.011801304670627196,0.019959906779336224,0.009764560956849513,0.007768020796506791,-0.011801304670627196,-0.009780949968775097,0.01593269102042164,-0.0002572402058110359
2016-12-31,-0.02669070810166744,-0.02088288437435143,-0.014251245058848429,0.0014665990786114477,-0.026702388195864034,-0.0022549887282984275,-0.010120718288742794,0.0014665990786114477,0.020132495299184126,-0.004434733434428099,0.007303976635763211
2017-01-31,0.0146066091555312,0.0020447920520458834,-0.012651466973222565,0.013600375042486079,-0.012682509987937211,-0.020122827607475545,-0.0059161220437992865,0.013600375042486079,-0.0025864737843497776,0.008206020870957627,-0.01560945669517984
2017-02-28,-0.005513185399246162,-0.004858457606905403,-0.0045549548467796255,-0.016840375838825593,0.011985898269066673,-0.01773905158284408,0.01305782859618648,-0.016840375838825593,-0.014146957069821584,-0.006619901638676545,-0.021338625606813114
2017-03-31,0.0010817394003247499,-0.0032857385059670567,0.006764595863631607,-0.016841479767247314,0.005356135128472006,0.020479906972884883,0.02352559680492413,-0.016841479767247314,-0.012623211232631376,-0.006513493232744402,-0.00016901620078204816
2017-04-30,-0.005759659600175098,-0.016937474979131704,-0.001761398922908254,-0.006757220061168822,0.002728341297290957,-0.00361756168371653,-0.0034063130899314132,-0.006757220061168822,0.0065178578530236545,-0.012999562910674,-0.0018113989229082538
2017-05-31,0.01596226758821618,-8.045403748521072e-05,0.006787788673655436,0.014686578221898144,-0.012252394103253735,-0.0059884182834047455,0.0075610637667251745,0.014686578221898144,0.03252333043915212,0.0004673840544914016,0.014403244888564811
2017-06-30,-0.017114146114902834,-0.017509312279595384,-0.0044225863445636285,0.004455553256069909,0.007447128436485675,0.0051573126976705635,-0.011679883742492918,0.004455553256069909,0.03300922348096205,-0.0066892377114890185,0.004455553256069909
2017-07-31,-0.001882453046408687,-0.010467457539946436,-0.015024942822375148,-0.023238537025764772,0.029290432226064728,0.006750868977020832,-0.030101249908200955,-0.023238537025764772,-0.014028279059494123,-0.02947972677986789,-0.023238537025764772
2017-08-31,0.009346283268590196,0.014350553433255347,0.03211049053877163,0.01889481831305937,-0.015743137847617897,0.018768684488847744,0.022908646877229946,0.01889481831305937,0.0019663054098699416,0.03270703172496113,0.015433152770480891
2017-09-30,-0.0005134125281847776,-0.00896310841347055,-0.009310003595330121,-0.002783419015705583,0.007148892784957682,0.009103129099538717,-0.00782359260343997,-0.002783419015705583,-0.012716917310940153,0.008065912535012739,-0.000710261988323994
2017-10-31,-0.010381172099376767,-0.0013476689199053088,0.002978454432926214,-0.010961489507789149,-0.015720048083361644,-0.0015491327943915612,0.010738263351413367,-0.010961489507789149,-0.016730699704546267,0.0036849570452894376,-0.0006423450422029675
2017-11-30,0.03328200200959241,0.015037626523882252,0.001125565649805113,0.014289627663536333,-0.0025726830775959254,0.008093671294697801,-0.0029708262562819446,0.014289627663536333,0.019967354096907305,0.01117859329876979,0.017255831046435355
2017-12-31,-0.029373636991846773,-0.035917086754520516,-0.014094413239605853,-0.012335247614552734,-0.009554077229065438,0.003768581529346076,-0.01897418575137034,-0.012335247614552734,0.0020918901823969993,-0.014494413239605852,0.0054278447079813335
2018-01-31,-0.007764521484546338,0.011693340304794167,0.01107137569204769,-0.004302506187189355,-0.013758142848426193,-0.006076975469960974,-0.002914373517242179,-0.004302506187189355,0.037325215442839475,-0.009900818456300055,-0.006076975469960974
2018-02-28,0.005416469957272951,0.0026674628721579025,0.010944687047641927,0.003414087193617962,0.004356539203811995,-0.0023981011604706603,0.006870904679619634,0.003414087193617962,-0.0003955312968763962,0.011214349810279214,-0.0023981011604706603
2018-03-31,0.04847347140569795,0.04762775401502349,0.02782932431248548,0.02429015169376393,0.018503988702459583,0.0002465329568941553,0.019605444715735453,0.02429015169376393,-0.000571647918675415,0.024855648673398935,0.0002465329568941553
2018-04-30,-0.004018919911196927,-0.0013580791557636117,-0.012305483733075872,-0.0005877822806891544,-0.006301152873112033,-0.007724885041982039,0.0012248672574346636,-0.0005877822806891544,0.006073429588458065,-0.0029957718707115232,-0.007724885041982039
2018-05-31,0.022952378172610182,0.011092814686959322,0.00784982348259241,-0.003626239808186423,0.0073239039543633085,0.0033893915035148885,0.014547532214780477,-0.003626239808186423,0.016343585448582772,0.018476026700131962,-0.00750347838069133
2018-06-30,-0.004944639559464441,0.0003254721117481662,0.00340944544983459,0.0018399889595025311,0.002854461603090388,0.007150544883477142,0.0002986028813620748,0.0018399889595025311,-0.013062152661739171,0.0003951435376514021,0.008723724925329539
2018-07-31,-0.018222400371368477,-0.015851557826243923,-0.008679659986113999,-0.014853287949387936,0.006833596291821583,-0.016003104784431642,0.0004259645062315425,-0.014853287949387936,-0.04441334119401632,0.013477606898483931,-0.0016897448287841177
2018-08-31,0.01943403569215819,0.020980169920181743,0.006463741177167326,0.004162425984203889,0.011438375973172515,-0.008100959832003117,0.018463368631577864,0.004162425984203889,0.023424888227938243,0.022087091721040543,-0.00784559027059524
2018-09-30,-0.004074330732990001,0.002821849262239451,-0.0023234108519998736,0.007819331436781783,0.001940830984360752,-0.006030974258742574,-0.014819067015053295,0.007819331436781783,-0.014538291660892867,0.00700964582475723,-0.006064307592075907
2018-10-31,-0.003624400720259227,-0.007311543787056435,-0.01141592355849039,0.013299506590115131,-0.011113248623255988,-0.011151302927025243,0.005440946833099968,0.013299506590115131,-0.021782813100686173,-0.027874192870708147,-0.011151302927025243
2018-11-30,-0.023733031987934312,-0.00026275230879949514,-0.005894721603740707,-0.04063884921787358,-0.013807419651950292,-0.01880370264287331,0.0102925312537946,-0.04063884921787358,0.03959773750588665,-0.035311809260042674,-0.01880370264287331
2018-12-31,0.022617716138714397,0.025181832359297152,0.016443419739310575,0.03261192190289718,0.009357807005502422,0.012534326357737643,0.0018641312351678186,0.03261192190289718,-0.03359411010003026,0.012614418602519231,0.009286952458964704
2019-01-31,0.024581364246476476,0.012603721781757582,0.0014668256144046718,0.011431647589459911,0.011366833519301888,0.01006236944769685,-0.001535196625901672,0.011431647589459911,-0.013170582814321888,0.006596824753313869,0.005425820510602197
2019-02-28,-0.01625469876226984,-0.00793289933229978,0.000257974074808106,-0.0026665350400222766,-0.0042591450456943,0.00379632448653643,-0.00283880272974781,-0.0026665350400222766,-0.010625908999545654,-0.00031306511753947334,-0.0007863215809037817
2019-03-31,0.0072388528244886514,0.004998938715853053,-0.004314945036148101,0.010307303703633716,-0.0011967672198150419,-0.009373964393447164,-0.01148108130949908,0.010307303703633716,0.006050204209433327,0.004576401668605891,-0.009373964393447164
2019-04-30,-0.0369186546320981,-0.025233352695782193,-0.012119301227128218,-0.021222240647844826,-0.007334626606814205,-0.018833965447037637,-0.002983217419648388,-0.021222240647844826,-0.024948524520795518,-0.014573473776404937,-0.023485374634203453
2019-05-31,-0.002521147200060492,0.004639741374397918,-0.0011160163727049507,-0.0034716928599216657,-0.004721261558129654,0.013918685548716945,0.005777946004113603,-0.0034716928599216657,-0.010350198739177103,0.0033907304801287235,0.009728287646230046
2019-06-30,-0.013126336035683027,-0.015527693608495725,0.0030304520117137267,0.012754918457224694,0.008287475936593446,-0.013975389432788074,-0.009640103870362227,0.012754918457224694,-0.013995863383837183,0.011834438021231299,-0.013975389432788074
2019-07-31,0.023651456802126457,0.01784267244538696,0.018493701410092742,-0.016412453735817005,0.006837872068294817,0.013045426556484978,0.011162178947875353,-0.016412453735817005,0.00873572194035718,-0.014584101497299898,0.006708945513350438
2019-08-31,-0.0014370929828219437,0.002244947850086925,0.00972712399292122,0.012417284452010532,0.0030806330784531994,0.0010192832449998817,0.005949235714396911,0.012417284452010532,-0.012601522210372104,0.009443790659587887,0.0010692832449998818
2019-09-30,-0.011803518485497325,0.0018646405668325163,0.0024070225545340584,-0.009875953926541819,-0.009513573975553281,-0.0058008701295168335,0.01594882307966985,-0.009875953926541819,0.021799650131880267,0.0014827465809559904,-0.0022306146398042414
2019-10-31,0.002556258650791952,0.0002113047479986276,0.004421848306824209,0.0032180634034822474,0.0030590576875332443,-0.004766570839245644,0.0001451348602779019,0.0032180634034822474,0.004816193759308222,0.0038330656854155707,-0.004902706747693881
2019-11-30,0.04160792918597808,0.025776496430088815,0.006677071024852619,0.004625467256682701,0.0028547188494751465,-0.013734057610369716,0.002803496398534181,0.004625467256682701,0.032520364208009474,0.02004284647040871,-0.007408439092678546
2019-12-31,-0.021787790625795753,-0.004339203086543612,-0.007431533904140756,-0.011683363615084829,-0.002236910064997176,0.02363360651538557,-0.008055744690754499,-0.011683363615084829,-0.03890991909801309,-0.017212196951165108,-0.012233363615084829
2020-01-31,0.031204778070234425,0.03157307346543519,0.024741888240716135,-0.010161019356827011,0.0072697294020870225,0.00014106769732401842,0.0040917336789409895,-0.010161019356827011,0.03047297830825759,-0.017102866535586257,-0.014522630733209894
2020-02-29,0.05709995434387022,0.06632434508465268,0.050277378856104255,-0.051602173915045464,-0.02367912815837195,0.0070810140186629116,-0.026462002538406398,-0.051602173915045464,0.06852942584403329,0.040175952357060854,0.003981314742250659
2020-03-31,-0.02295820214945871,-0.015902900775367042,-0.021167716459929254,0.03262726811709448,-0.010071242268646481,-0.008168737833036595,0.007558872282495416,0.03262726811709448,-0.03562689892505398,-0.029039780908918077,-0.008168737833036595
2020-04-30,-0.016232404329041064,-0.0034709481227374805,-0.010308495422710229,0.0220116662155367,-0.0011811827898340344,0.02276572625863714,-0.008325749132498278,0.0220116662155367,-0.02730972389737298,-0.02943001145217223,0.02276572625863714
2020-05-31,-0.014513545144121042,0.0031600653842711168,0.009972139498140782,0.021882439718214283,0.005782730187276168,0.0049228596548373475,0.018390263466771754,0.021882439718214283,-0.010883184530071687,0.00827316330154617,0.017108659298227358
2020-06-30,0.029908575024469076,0.028675668390858628,0.0029122193199337012,-0.007002634845726101,0.0240183279133224,0.023054463931971025,0.01648765674057945,-0.007002634845726101,-0.022477541266112813,0.006971573197449033,-0.0072026348457261006
2020-07-31,0.016376825508323128,0.015970906981060937,0.001685340692081835,0.01808147304060099,-0.01150236664447646,-0.007278737978763258,0.011530335051558096,0.01808147304060099,0.026666719760351416,-0.00760739139316896,0.013530603125968238
2020-08-31,-0.02160164770736119,-0.04470371568317697,-0.027113953983512826,-0.012529947779856117,0.00579602735622789,-0.007819007635736454,-0.018867781834664452,-0.012529947779856117,-0.02384116203373566,-0.015021618119911189,-0.03102065668657361
2020-09-30,0.0066860877921213315,0.004692986631942411,0.00693471648274069,-0.008086783320513212,0.007758200668384713,0.0016006257000593235,0.004015643962731278,-0.008086783320513212,0.002315688985020307,0.001812892417450293,-0.00844780533738099
2020-10-31,-0.025913357431375163,-0.009918800106175022,-0.007413786399497575,0.03158833408317893,-0.008449399842863125,-0.00033784055659066077,0.020241585088101404,0.03158833408317893,-0.05633078467478003,0.007538164991506789,0.01615498478926767
2020-11-30,-0.023115550081893976,-0.019917706759741267,0.008210271378937987,-0.005158444609207266,0.007468245577085013,-0.0056800124858727916,-0.00996053772608792,-0.005158444609207266,0.02335973482539407,0.0032864970467829497,-0.005108444609207266
2020-12-31,0.004269081074492762,0.007426533576750482,0.003664322787979129,0.009741982655678445,-0.007746505657065472,-0.008598829692130983,0.006040235286105798,0.009741982655678445,0.0057514551076432475,0.001129574931519028,0.009741982655678445
2021-01-31,-0.0014229303375477426,0.005424809162156455,0.008658771995569475,0.019105807637837983,-0.016419534931909043,0.0038277433986667747,0.008935820819395444,0.019105807637837983,0.008644844040212867,0.009537127300282486,0.019105807637837983
2021-02-28,0.0010784146531969373,0.016139978428785746,0.014597564209286344,0.02530139165115051,-0.0415568355748735,0.026512051710581387,0.02373114898036184,0.02530139165115051,0.0371236787772916,0.036584395112299654,0.023477493391505212
2021-03-31,-0.008877078253438985,-0.009585441991548973,-0.005399723073622983,-0.005996145205258325,0.011130745781240875,-0.0077444586612705505,0.009360807684230355,-0.005996145205258325,0.007851040417239094,0.00691280200070897,0.0014801260385713933
2021-04-30,0.003001939556613313,0.003584754489029277,0.010247705720522613,0.0019770925888801553,0.009876164259027053,-0.001701202272149942,-0.0026252224802814058,0.0019770925888801553,-0.0013894843614510042,0.01001437238718928,-0.007527456359757145
2021-05-31,0.0032237828368477037,0.005893966737958903,0.003001792877963704,0.0016454837008222506,-0.011449358562103133,0.014669706303135311,0.006528741898706145,0.0016454837008222506,-0.01919071144520154,0.0051287678363214125,0.004326643748364586
2021-06-30,-0.025120937842092662,-0.020761852914478837,-0.01393246523849093,-0.012577583173293886,-0.006950450651950981,-0.014194351169417052,-0.007678486980032813,-0.012577583173293886,-0.025115477467920772,-0.01438246523849093,-0.01923805005938827
2021-07-31,0.011555020459814734,0.010096462828473306,0.004884060547961063,0.005455176095918144,0.005002944909429049,0.0012147941804311068,-0.00011106532966770891,0.005455176095918144,0.010820550685796331,0.0076542731874681995,0.00017226800366562436
2021-08-31,0.016449180991948132,0.012044536004025677,0.00808074007011423,0.009549403444040962,0.0026206552272956436,0.010970849100044412,0.011254182433377745,0.009549403444040962,-0.0011023789315076685,0.007714073403447564,0.011254182433377745
2021-09-30,-0.018228132169245646,-0.011296031612804174,0.01343430449035551,0.032944136689296175,0.0068257290682670856,0.010261205950673242,0.009985504870253372,0.032944136689296175,-0.03363738305653671,0.014824274515485226,0.015255592604218163
2021-10-31,-0.04549417435420159,-0.05793594421724465,-0.03507512145737163,-0.045525362559373214,-0.030507436513456783,-0.037465795145994914,-0.010382374496512432,-0.045525362559373214,-0.062305581368043074,-0.017964766543795946,-0.010199041163179098
2021-11-30,-2.8505262811896227e-05,0.009092433791526678,0.016115706255324654,0.017169008205823573,0.007465186767884337,0.007140292778893577,0.010882351118536922,0.017169008205823573,-0.025753893031282057,0.017062279190122032,0.010882351118536922
2021-12-31,-0.020488460461539754,-0.01744389722648916,-0.0028262078541128853,-0.008651303448753624,-0.014751126854495259,0.009010141572118506,-0.0009731824993754384,-0.008651303448753624,-0.020044143362102265,4.754613977053933e-05,-0.00151065093115946
2022-01-31,0.0019445658619350065,0.0046283569709684195,-0.00019966361061023898,0.008228527440298545,0.0124583594012322,-0.004491983788544075,-0.004060728782206633,0.008228527440298545,-0.01884051223146803,-0.0008447128704234631,-0.0007947128704234631
2022-02-28,-0.006427917994840413,0.03408591944908587,0.010388583452107643,0.02746966182908741,0.026066554350483686,0.03390030637919544,0.006729569362561934,0.02746966182908741,-0.04247611774553923,0.019322914998048557,0.010438583452107644
2022-03-31,0.0035534201422715884,0.007540684478513373,-0.0003627719139244174,-0.0012392117962012998,-0.001379233474687618,0.026067725901736307,0.029178872656995966,-0.0012392117962012998,0.007442283902102541,0.020545569002767952,0.020728902336101286
2022-04-30,0.00304022063719382,0.0005970327809570684,-0.0054242098856598945,-0.005702909940642343,-0.004711135171319793,-0.0010885577219359854,0.0003109238268733928,-0.005702909940642343,0.0018612643648110868,-0.009094355365283057,-0.0014045448196079026
2022-05-31,0.036937751700236374,0.03479269447028598,0.011549605697905212,-0.005895906476945378,0.00634718043603255,0.016868119983800476,-0.005598965328419997,-0.005895906476945378,0.02526177515100729,0.011316272364571878,-0.0010768145484060482
2022-06-30,-0.016858309111906885,-0.00044282086468757286,0.0047743923079592515,0.006367521601318886,0.005662787595567881,0.012926645093807736,-0.020129702575708362,0.006367521601318886,-0.0005404513247046197,-0.006269901404509816,-0.006152602711234421
2022-07-31,0.019629151964966562,0.02189955182285758,0.017316518574637407,0.01283940750407854,0.012656074170745206,0.0013468326960598765,-0.003876765812284232,0.01283940750407854,0.0004095109533630703,0.004973774220276911,-0.006598529561731785
2022-08-31,-0.004602117134261487,0.012779309778840743,0.018491817421083613,-0.015315428447162119,-0.0092630897182302,0.0316900984954401,0.005643538118957345,-0.015315428447162119,0.049774705177689636,0.011844943330253883,-0.0007480474141947941
2022-09-30,0.037770855213378446,0.03400496177910458,0.010601427291028708,0.025535858886120914,0.013340469758283874,-0.0009208553384297815,0.03178820755997077,0.025535858886120914,-0.03803426160970212,0.01490284048029141,0.021940719572583985
2022-10-31,-0.024240278445781412,-0.030394746830796064,-0.020946726163546984,-0.025446980413728386,-0.00921562186470247,-0.004031271590219521,-0.0012751899013791533,-0.025446980413728386,0.02969133494526882,-0.046255717115358266,-0.019907146735867482
2022-11-30,-0.03402370274965658,-0.026696661632254776,-0.01798142036578046,-0.03055812196551786,-0.016735579326551193,0.005858647572962317,-0.00485651355644378,-0.03055812196551786,-0.009725929125365821,-0.01821475369911379,-0.008112216040284045
2022-12-31,0.024966444141409316,0.006699268929173588,0.017682654896915787,0.002913124227683881,0.01475099382004884,0.010274863097813138,0.0027951951041037646,0.002913124227683881,0.007614552637558397,0.016266515762934114,0.01569048518150978
2023-01-31,0.04905829072562013,0.026876346508031654,0.002368522311367606,0.010977141719765585,0.020233087832169427,-0.011780907321485273,0.00017180680386242415,0.010977141719765585,-0.017203652724154993,0.006219510477893189,0.002368522311367606
2023-02-28,-0.013767198731762291,-0.016814060825117043,-0.007087153347490402,-0.004880864936436,0.004228830651769512,0.008474871377084721,-0.0027997896317140153,-0.004880864936436,-0.016858123887564833,-0.007703019971171185,0.0022827101280413903
2023-03-31,0.036438609189775435,0.03108550394738564,0.01195453209078596,-0.005991080444560561,0.019375747005022058,0.016420633593048854,0.013624566546233674,-0.005991080444560561,-0.013765147665211443,0.002383432485241622,0.020452342895189855
2023-04-30,-0.00012779030792593553,0.008120518397584,0.012579577766082648,0.029050619519488334,0.0001504681711999656,0.02104096363151123,-0.029646556486085208,0.029050619519488334,-0.015107992499381937,-0.007560157556559256,-0.012013835980501856
2023-05-31,0.0604270203233427,0.06207398904897849,0.022604759487055957,0.008781155901369846,0.0133655414813803,0.015093451768680745,0.003110849290147007,0.008781155901369846,0.02638819717251685,0.018153707240378836,0.014933028856379794
2023-06-30,0.013098123480923476,0.005140883459034903,0.0023212044552110914,-0.012795537986207209,0.012764926022855554,-0.01606745160391172,0.02566806734291619,-0.012795537986207209,0.003544876541285099,-0.004150906402169647,0.0021378711218777583
2023-07-31,-0.026680593602243632,-0.025589607096945657,-0.012177989224469015,0.01090943975749277,-0.006976079934232332,-0.009611767601928991,-0.0322978856434837,0.01090943975749277,-0.030678828117637093,-0.008894336879886893,-0.01311338009909317
2023-08-31,0.029498175259163695,0.023514901988838856,0.0014583374467112859,0.012417616396284654,-0.0021493059286852444,-0.007928066627465688,0.013091554999622135,0.012417616396284654,0.020776682336754934,0.011102230762532085,0.024262334747678527
2023-09-30,-0.02995062048139684,-0.007970225850170196,-0.018168024313919673,0.0011704884476018895,-0.01385523989982169,0.02104033080531028,-0.03365918155363465,0.0011704884476018895,-0.024784360326691665,-0.0136534502817609,-0.008959653353108773
2023-10-31,0.010961176796370419,-0.01272623351393779,-0.0077430840360341235,-0.008793298206341659,0.008998025362411073,-0.013957217058021163,0.005126085574749296,-0.008793298206341659,-0.037272809676544096,0.011263192188698241,-0.0066767972227490795
2023-11-30,-0.012889632206432371,-8.352683974290119e-05,0.013657219113015408,-0.02623722620230526,0.0035007188224894965,0.015266514557038993,0.026732853167628703,-0.02623722620230526,0.005243470615805548,-0.010041569453137993,0.013513358317104521
2023-12-31,0.006939683803286814,0.0016905379662508838,-0.006274794448061964,0.02158609504276303,-0.0027777047984961153,-0.011399658021763312,-0.018208708639163074,0.02158609504276303,-0.009895235216577265,-0.011326171254043213,-0.018255148039510154
2024-01-31,0.01348137634848648,0.01572590128088601,0.007686217606005454,0.015438196747561455,0.012814332210522231,-0.004519910334447388,0.0012700135795630217,0.015438196747561455,0.011004153844511403,0.011523446027389816,0.009587383251321309
2024-02-29,-0.008092308758285836,0.0021243132885276727,-0.001628825668083608,0.017046164278149072,0.003783717150783988,0.006645001842223611,-0.00786830491058561,0.017046164278149072,-0.00012941125020494976,0.01041489770104643,-0.004524651457418002
2024-03-31,-0.0033548741249456258,0.004944422916700264,0.01621582905335781,0.02432168915712847,-0.02104563780139752,-0.0024684297180808524,-0.00014419925697130878,0.02432168915712847,0.006796459269071498,0.008389447077285849,0.01075440801192229
2024-04-30,0.03943054557946626,0.02357555685485899,-0.002891083969194577,0.001546503050790033,0.01332650395251021,0.013896624267398938,0.0148763992654563,0.001546503050790033,-0.030677997964409794,0.018556349002579166,0.01774233348317798
2024-05-31,-0.015683490221592336,-0.012763468417182056,-0.007326174496257525,0.006271524850481281,-0.014632952466085324,-0.007720956499648518,-0.0015909038945600272,0.006271524850481281,0.005094326726644214,-0.01164403462258937,-0.0011839015150179543
2024-06-30,-0.018887038880797694,-0.03475116070060938,-0.015125369461117016,-0.026294476351491954,-0.02230388439138681,0.02933536855268364,-0.0012255460356043768,-0.026294476351491954,-0.05134711121688018,-0.021186150852736244,0.0016969339714574272
2024-07-31,-0.02250308116596698,-0.0028698896560815776,-0.011906399524685788,-0.008993021361947092,-0.003671973462813239,-0.005478250921342523,-0.011067420923599828,-0.008993021361947092,-0.01841448389092838,-0.004455035144338804,-0.013347930335516723
2024-08-31,0.01631421106777962,0.014803078477623365,0.003358854332624365,0.003782414970288955,0.007679468066297851,0.002095397629273445,0.006923657823029367,0.003782414970288955,-0.012592637610998202,0.008941017307158593,0.005465011247172165
2024-09-30,-0.03373598490027478,-0.023639296844376042,-0.018536040633473225,0.0038706521898041924,-0.036673832927837414,0.01234513597343773,-0.01915762803743887,0.0038706521898041924,0.01380313626879119,0.009948761985028918,0.0025123690485175133
2024-10-31,0.015265103298521886,0.020383950639761315,0.011354623351953363,0.008544474854895278,0.014099544941363135,-0.006177921630070947,0.012978986375606629,0.008544474854895278,0.0004956587478920184,0.019097419422538665,0.00021908315311092776
2024-11-30,0.040801911182039165,0.019117341759292653,0.0066487265877048975,0.01725931180494373,-0.0082308105773737,0.00921517953524306,0.012119427840304408,0.01725931180494373,-0.014841514723025313,-0.010094509212109457,0.009056639721836481
2024-12-31,-0.0006621808640309805,0.003406901447239626,0.003750025512653108,-0.0018505659449009606,0.006738667866131864,0.002297929800655263,-0.00045687344870803053,-0.0018505659449009606,-0.00568898927105696,0.002511654571420244,0.0007529994852794547
2025-01-31,-0.004786119105666528,-0.0019448389812918147,0.00752785227323268,-0.013955339281409906,0.002106283404739938,0.011460336256337331,0.0025287851237513173,-0.013955339281409906,-0.0024652634968827182,0.015799898633171577,-0.012138663268003086
2025-02-28,-0.060510918562222564,-0.023887264619476517,-0.01677111319813695,0.0030626486801629133,0.007065590401866815,-0.017546302252931127,-0.01891260700861699,0.0030626486801629133,-0.021027286651262137,0.005021727222529395,-0.01687064306879127
2025-03-31,0.008003016323112185,-0.019016859702364844,-0.03114295796062131,-0.03525668088044624,-0.024369876766594252,-0.0199551476646147,-0.011362599799073496,-0.03525668088044624,0.010147382915569152,-0.014302613979290875,-0.038013545831097166
2025-04-30,-0.01918663968850786,-0.015098668370262228,-0.0014272992516345562,0.015172062322576542,-0.0012891668485097074,-0.009895884592845974,-0.0029756180391335096,0.015172062322576542,-0.014430582515351106,-0.0017106325849678896,0.0049938191152362945
2025-05-31,-0.011636957615297028,-0.023393090754021593,-0.018297194933960488,-0.011369366706862269,-0.01777532988213487,0.006040089422089185,-0.00949772533808903,-0.011369366706862269,0.007891414952645575,-0.01740095436998211,-0.010265119274409948
2025-06-30,-0.015971851824141157,-0.00933099721297231,0.006210995026811644,0.015468567688617764,0.010307433740085433,-0.009259370587215989,-0.008400095276744776,0.015468567688617764,-0.016814252999382773,-0.0004175660887461029,0.001822627584483248
2025-07-31,-0.022498948077336954,-0.02016902321744934,-0.011272815660402315,-0.0026534516158322717,-0.007218532214468531,-0.011897287851891482,-0.004092676634109185,-0.0026534516158322717,0.004613751557624436,-0.008302410446229154,-0.012924727498132785
2025-08-31,-0.0008130985453677439,-0.0030398678988732162,-0.008921246462645551,0.003474286845300179,-0.004298986108026268,-0.002157688350663122,-0.010239191743057145,0.003474286845300179,0.002725158830709225,-0.010630743127836018,0.0002460565832783387
2025-09-30,-0.0036245542940177124,-0.006336270558443126,-0.019790921747626405,0.01219753938010954,-0.010238956930579916,-0.012115807662995448,-0.007058798323992668,0.01219753938010954,0.0056496492343287,0.003101867134925419,0.011561687455875332
2025-10-31,0.005765338408695464,0.002233853594626494,0.004488206576572757,0.007998251688588573,-0.006362132477662196,-0.000565538672237667,0.008210586290292888,0.007998251688588573,-0.004197658837701404,-0.0010379145664886815,0.007850017686371622
2025-11-30,0.00757750012928478,0.0008522975645355666,-0.004286629593502811,-0.0016063057295068956,0.0021245863578155167,-0.012309697961692968,0.0025677888853169544,-0.0016063057295068956,0.012294299042087498,0.004537580638304171,-0.00450702132135574
2025-12-31,0.009228133917544014,0.014289551743835676,-0.0012201162504265474,-0.0020243752110315535,0.009995042101015351,-0.005169472643699631,0.005967744886692945,-0.0020243752110315535,0.03161888969762485,0.014575509876508734,-0.0058530446495526165
2026-01-31,-0.007609646422293724,0.006080432574688959,0.01605148599167153,0.006947373018254509,0.008104967308895537,-0.005413373504514265,0.01640509089713174,0.006947373018254509,0.012889476006627648,0.01571995751970165,0.017534932004389648
2026-02-28,0.03159713610470142,0.015268188189593133,0.013591101733701498,0.014159975023353547,-0.0043571978571174995,0.011989408882585366,0.004062096840559222,0.014159975023353547,0.02425191478516025,0.010005263189453406,0.012634055752901394
2026-03-31,0.015943209719822538,0.024521094735692105,0.0013119992653225128,0.020267823551925076,0.007440840746792074,0.010717551320444784,0.014169508077388444,0.020267823551925076,-0.02363117364426601,0.009941414057965316,0.010817551320444783
2026-04-30,0.0024276436827691916,0.0028169671905758894,-0.000828656322655055,0.006016656725901237,-0.010441478026671606,-0.007027668753117554,0.008311200032426946,0.006016656725901237,0.005691387407614133,-0.0031048781816270235,-0.0007551089989255084
2026-05-31,0.0134618658898701,-0.0010254413733276548,-0.008825293453187708,-0.00360804089692162,-0.015154235158316084,0.019200816114288803,0.00954974588955085,-0.00360804089692162,-0.026206952862134,-0.007848846111982218,0.008509653131680171
2026-06-30,0.018875849321942424,0.011352462955281493,-0.001191343211361395,0.014406237298113632,-0.0008008102981817142,0.00318363539509839,-0.009153674178612074,0.014406237298113632,0.0003140980386679555,0.012722990544289886,-0.006374365190723268
2026-07-31,0.02384993081688631,0.014370858855715398,0.0106374736056136,0.01957062891515587,0.0015837160033347908,-0.003559760922521015,0.006473329936390242,0.01957062891515587,-0.002743274632178376,0.001957578808863762,0.007620777955117817
2026-08-31,-0.014150668665372122,-0.0030626291623711503,0.0007985224709462213,-0.004050869125943631,-0.004518344745983256,0.014516706862997754,0.01060321055528104,-0.004050869125943631,-0.02862822710488456,0.0002130696239345925,0.005889271805402815
