date,USD,EUR,GBP,JPY,CHF,AUD,NZD,CAD,NOK,SEK
2000-01-31,0.72,-0.42,-0.5,-4.38,2.04,0.35,1.76,2.48,-1.41,-0.65
2000-02-29,0.83,-0.29,-0.37,-4.86,1.91,0.97,1.38,1.71,-1.44,0.15
2000-03-31,1.65,0.52,-0.56,-3.54,2.46,-0.33,2.18,0.56,-2.99,0.05
2000-04-30,1.64,0.62,-1.52,-3.79,2.02,0.78,2.47,0.37,-2.28,-0.32
2000-05-31,0.83,-0.16,-1.36,-4.13,-0.33,1.47,3.48,1.21,-0.43,-0.58
2000-06-30,0.7,0.5,-1.59,-4.51,-0.38,1.47,2.72,1.13,0.81,-0.85
2000-07-31,0.81,0.5,-1.34,-4.61,-0.33,0.52,2.81,1.02,1.45,-0.84
2000-08-31,-0.79,0.3,-0.44,-4.35,-0.07,2.31,1.89,-0.32,2.48,-1.02
2000-09-30,-1.05,0.57,-0.92,-3.49,-0.51,2.95,1.04,-1.13,3.14,-0.61
2000-10-31,-0.77,1.31,-0.81,-3.05,1.01,2.84,-0.59,-1.28,3.1,-1.76
2000-11-30,0.04,3.06,-1.16,-3.51,1.7,2.47,-0.53,-1.67,0.44,-0.85
2000-12-31,-0.61,2.64,-1.18,-3.42,1.8,1.55,0.86,-2.26,-1.07,1.71
2001-01-31,-2.87,1.25,-0.07,-2.8,0.18,2.49,2.92,-1.62,-0.39,0.93
2001-02-28,-2.2,1.48,-1.64,-2.6,1.61,-0.23,3.28,-1.44,-0.26,2.0
2001-03-31,-2.75,2.65,-0.26,-1.55,0.22,0.2,3.3,-1.46,1.53,-1.88
2001-04-30,-2.4,2.65,-0.16,-1.46,0.2,-2.59,1.74,-1.36,3.05,0.32
2001-05-31,-3.44,1.24,0.12,-2.41,-0.85,-0.23,1.02,-0.05,3.79,0.81
2001-06-30,-3.63,1.19,0.48,-2.66,-0.72,-0.49,1.16,0.3,3.27,1.1
2001-07-31,-3.6,0.92,0.73,-2.81,-0.53,0.81,1.37,-1.18,2.6,1.68
2001-08-31,-3.66,1.54,0.58,-1.43,1.48,0.41,1.55,-3.1,1.14,1.49
2001-09-30,-3.33,0.5,1.46,-0.65,-0.24,-0.43,0.96,-3.02,1.85,2.9
2001-10-31,-2.94,1.2,0.37,-0.76,0.59,-2.33,1.85,-2.44,2.07,2.4
2001-11-30,-3.25,1.06,0.35,-1.06,0.28,-0.7,2.55,-2.85,0.99,2.63
2001-12-31,-3.57,1.19,0.3,-0.96,0.01,0.12,2.71,-2.75,0.6,2.35
2002-01-31,-3.56,0.71,0.36,-1.06,-0.55,1.06,1.29,-2.61,1.16,3.21
2002-02-28,-3.56,1.68,1.37,-1.41,-1.46,0.47,1.76,-2.02,0.54,2.61
2002-03-31,-3.08,0.82,0.71,-1.93,-0.3,0.51,1.86,-2.7,1.05,3.07
2002-04-30,-3.54,-0.14,-0.06,-1.91,-1.05,1.96,3.09,-0.75,0.23,2.17
2002-05-31,-2.84,0.05,0.06,-1.83,-1.98,2.77,2.75,-1.16,0.15,2.01
2002-06-30,-2.65,-0.18,-0.83,-0.43,-1.59,3.96,2.47,-0.64,-1.36,1.24
2002-07-31,-2.17,-0.36,-0.89,-0.2,-2.66,3.28,3.41,-0.79,-0.1,0.48
2002-08-31,-1.03,-1.37,-1.27,-1.33,-3.35,1.43,2.06,2.77,2.12,-0.02
2002-09-30,-0.39,-0.82,-1.5,-1.23,-3.41,1.19,2.67,1.8,2.65,-0.96
2002-10-31,-0.2,-0.62,-1.16,-3.62,-2.18,1.83,2.33,2.09,1.79,-0.25
2002-11-30,-2.82,-0.45,0.03,-1.14,-2.26,1.3,2.66,2.77,1.54,-1.64
2002-12-31,-0.25,-2.64,0.52,-0.87,-2.05,1.9,0.72,3.92,0.7,-1.95
2003-01-31,-0.73,-2.05,0.88,-0.32,-1.69,1.44,0.72,4.34,-0.13,-2.46
2003-02-28,-0.3,-2.72,0.07,-1.06,-1.97,2.26,1.32,3.64,0.55,-1.78
2003-03-31,0.16,-1.3,0.26,-0.4,-2.25,1.63,2.87,2.76,-3.18,-0.55
2003-04-30,-1.15,-1.68,-0.09,-1.18,-3.07,2.89,1.54,3.14,-0.61,0.21
2003-05-31,-1.27,-1.43,0.74,-1.35,-2.92,2.86,2.12,2.75,-0.81,-0.7
2003-06-30,-1.27,-1.41,1.16,-1.74,-1.47,3.3,3.12,1.0,-1.9,-0.79
2003-07-31,-0.29,-0.5,1.15,-2.03,-0.18,3.63,1.74,0.63,-3.66,-0.49
2003-08-31,-0.62,0.03,0.67,-1.42,-0.59,3.1,2.32,0.94,-4.1,-0.34
2003-09-30,-0.32,1.1,1.19,-1.08,-2.24,3.28,2.11,-0.58,-3.4,-0.05
2003-10-31,0.14,1.21,2.0,-1.32,-2.46,2.82,2.1,-0.32,-2.96,-1.22
2003-11-30,0.06,0.96,2.31,-1.27,-2.3,3.3,1.46,-1.42,-2.78,-0.32
2003-12-31,-0.55,0.76,2.03,-2.02,-2.55,3.84,1.23,-0.04,-1.85,-0.85
2004-01-31,-0.17,0.24,1.55,-1.64,-1.87,3.17,2.6,0.27,-3.01,-1.14
2004-02-29,0.31,-0.08,1.95,-0.78,-2.07,2.74,2.53,0.21,-3.32,-1.49
2004-03-31,0.5,-0.3,2.11,-0.67,-0.96,3.03,2.19,-0.42,-3.3,-2.18
2004-04-30,0.97,-0.25,1.89,-0.95,-0.65,2.16,2.57,0.08,-1.97,-3.87
2004-05-31,0.6,-0.02,1.93,-1.33,-0.56,2.15,2.65,0.25,-1.8,-3.86
2004-06-30,1.77,-0.79,1.9,-1.64,-1.0,1.44,2.83,0.5,-1.48,-3.52
2004-07-31,1.18,-1.35,1.9,-1.53,-1.12,1.31,3.43,0.39,-0.87,-3.34
2004-08-31,1.3,-0.8,1.42,-2.3,-1.35,1.31,3.44,-0.08,0.36,-3.3
2004-09-30,1.49,-0.72,0.88,-3.12,-1.06,0.28,3.99,0.82,-0.34,-2.2
2004-10-31,2.01,-1.34,0.12,-2.37,-0.58,-0.37,3.66,2.18,-1.22,-2.1
2004-11-30,2.07,-1.12,-0.5,-1.79,-0.95,0.14,4.06,1.63,-1.19,-2.35
2004-12-31,2.02,-1.09,0.15,-0.9,-1.72,1.33,4.14,0.06,-2.08,-1.92
2005-01-31,2.6,-0.64,0.83,-1.32,-1.49,1.26,3.73,-1.37,-2.17,-1.43
2005-02-28,2.6,-1.31,0.74,-1.48,-1.58,1.8,3.38,-0.39,-1.48,-2.29
2005-03-31,2.64,-1.63,-0.05,-1.81,-0.67,1.74,3.17,0.68,-1.4,-2.68
2005-04-30,3.32,-0.87,0.57,-1.3,0.27,0.84,2.25,0.11,-1.38,-3.8
2005-05-31,2.51,-0.9,0.35,-2.85,-1.6,1.49,3.58,-0.44,-1.61,-0.54
2005-06-30,2.55,-0.23,0.81,-2.34,-1.27,1.19,2.45,0.76,-0.23,-3.7
2005-07-31,2.5,-0.06,0.56,-2.98,-1.65,1.21,2.12,0.7,0.86,-3.26
2005-08-31,3.13,-0.36,0.27,-2.55,-1.11,0.78,1.55,1.12,0.82,-3.65
2005-09-30,3.6,-0.78,0.0,-2.4,-2.33,0.79,0.96,1.89,0.66,-2.39
2005-10-31,4.84,-0.64,-1.23,-1.11,-1.29,0.06,0.48,1.79,-1.6,-1.3
2005-11-30,3.41,-0.24,-1.1,-2.19,-2.71,1.47,1.98,1.24,-0.01,-1.83
2005-12-31,2.4,0.5,-1.32,-3.09,-1.66,1.03,3.04,0.97,0.28,-2.15
2006-01-31,3.3,-0.7,-2.05,-3.19,-1.24,-0.03,1.06,2.71,0.38,-0.24
2006-02-28,2.73,0.06,-2.47,-3.18,-1.47,-0.2,1.77,2.64,0.19,-0.08
2006-03-31,2.39,0.31,-2.6,-3.79,-0.73,-0.23,1.34,0.89,2.42,0.01
2006-04-30,0.75,0.09,-2.67,-3.75,-1.26,-0.13,1.69,1.62,2.32,1.34
2006-05-31,2.78,0.42,-3.15,-2.59,-0.78,-0.29,0.05,2.18,2.28,-0.9
2006-06-30,3.36,-0.15,-2.43,-2.04,-0.58,-0.76,-1.47,2.87,1.72,-0.53
2006-07-31,4.85,0.13,-2.94,-0.39,-0.05,0.82,-1.19,0.27,-0.36,-1.14
2006-08-31,1.43,1.63,-1.68,-3.54,-2.23,2.04,-0.34,-0.73,2.13,1.27
2006-09-30,-1.15,1.41,-1.24,-2.22,-0.07,3.36,-0.46,-2.55,0.04,2.87
2006-10-31,-1.18,2.64,-0.56,-3.51,-0.21,2.7,0.44,-2.22,1.58,0.32
2006-11-30,-1.62,0.71,-0.15,-3.75,-0.84,2.18,0.25,-1.37,1.65,2.94
2006-12-31,-1.61,0.72,-0.09,-3.68,-1.3,1.93,0.29,-1.22,2.63,2.34
2007-01-31,-1.54,0.36,1.5,-3.51,-1.0,1.18,-0.28,-1.7,3.23,1.77
2007-02-28,-1.13,1.55,0.86,-1.66,0.17,-0.46,-1.66,-3.21,2.49,3.06
2007-03-31,-1.08,2.13,1.0,-2.74,-1.01,-1.24,-1.62,-1.01,2.91,2.67
2007-04-30,0.24,1.53,-0.71,-3.46,-0.64,-2.62,0.77,-0.23,2.77,2.36
2007-05-31,-0.12,1.77,0.83,-4.25,-0.86,-0.86,0.69,0.51,3.3,-1.0
2007-06-30,-0.6,3.23,0.68,-2.38,0.4,-2.71,1.64,-2.09,-0.29,2.12
2007-07-31,-0.6,1.86,1.48,-4.06,-0.24,-2.7,0.67,0.52,0.94,2.14
2007-08-31,-2.59,1.58,0.19,-3.81,0.62,-1.44,1.28,0.95,2.62,0.59
2007-09-30,-3.8,0.58,-0.52,-2.49,2.62,-1.1,0.59,1.45,0.74,1.93
2007-10-31,-4.2,0.44,-0.81,-2.07,2.72,0.81,-0.05,1.8,-0.03,1.39
2007-11-30,-3.71,0.55,-0.12,-2.53,2.59,-0.43,-0.52,0.49,1.05,2.64
2007-12-31,-2.35,1.58,-1.13,-3.63,3.01,-0.49,0.71,-0.3,1.68,0.92
2008-01-31,-3.52,1.5,-0.76,-1.54,2.43,-0.49,2.31,-1.91,1.8,0.17
2008-02-29,-3.45,0.87,-1.09,-1.71,2.41,0.28,1.83,-2.21,2.02,1.04
2008-03-31,-3.18,1.33,-0.02,-2.25,1.43,0.9,1.71,-2.55,2.61,0.03
2008-04-30,-2.76,0.63,-0.55,-2.51,-0.09,2.72,1.52,-2.27,2.36,0.94
2008-05-31,-3.28,0.49,-0.36,-1.76,-0.35,2.62,2.08,-2.42,1.75,1.24
2008-06-30,-2.64,-0.39,-0.42,-1.7,0.48,1.91,0.37,-2.64,3.55,1.49
2008-07-31,-3.02,0.78,0.48,-2.8,-0.01,2.68,-1.42,-0.78,1.91,2.18
2008-08-31,-2.99,1.65,1.4,-2.6,-1.12,3.29,-0.17,-1.33,0.77,1.1
2008-09-30,-2.46,1.24,0.93,-0.74,1.86,1.01,-3.61,-1.25,0.2,2.81
2008-10-31,-4.37,0.35,1.29,0.89,3.02,-0.31,-1.34,-1.3,1.07,0.69
2008-11-30,-3.81,0.2,-2.68,2.29,0.56,-0.69,1.24,-0.45,2.33,1.02
2008-12-31,-3.78,0.96,-1.58,3.37,0.77,1.2,1.56,-0.32,-1.02,-1.15
2009-01-31,-2.87,0.62,-2.06,3.38,1.42,2.29,-0.38,-1.1,0.4,-1.71
2009-02-28,-3.3,0.73,-1.31,2.69,3.13,1.2,0.06,-1.33,-0.28,-1.59
2009-03-31,-2.3,-1.48,-1.97,1.85,2.68,1.62,-0.71,-0.49,2.68,-1.87
2009-04-30,-2.35,-0.92,-0.41,1.22,1.43,0.64,1.49,0.18,2.72,-3.98
2009-05-31,-3.02,-2.18,0.07,1.31,1.16,2.52,1.22,-1.11,2.25,-2.23
2009-06-30,-2.32,-2.09,0.7,-0.19,1.46,2.14,1.08,-0.46,2.8,-3.13
2009-07-31,-2.51,-1.78,0.24,-0.63,1.34,2.24,2.47,0.08,1.74,-3.18
2009-08-31,-2.42,-0.19,0.41,-0.48,1.24,1.96,2.33,-0.65,1.74,-3.93
2009-09-30,-1.6,0.42,-0.04,-0.91,0.55,1.96,1.19,-0.68,3.16,-4.05
2009-10-31,-1.22,-0.47,-0.81,-1.25,-0.28,3.99,-0.39,-0.41,3.2,-2.36
2009-11-30,-0.65,-0.57,-0.1,-1.91,-0.52,4.75,-0.79,0.83,1.34,-2.38
2009-12-31,0.04,-1.0,0.03,-1.59,-0.76,4.12,-1.4,0.41,2.6,-2.46
2010-01-31,0.49,-1.2,0.25,-1.85,-1.58,5.0,-0.9,0.1,0.31,-0.79
2010-02-28,0.3,-1.44,0.68,-1.69,-1.43,4.49,-1.42,0.3,1.85,-1.65
2010-03-31,0.06,-1.78,0.69,-1.43,-0.63,4.95,-1.05,0.85,0.24,-1.89
2010-04-30,-0.24,-1.55,0.01,-1.8,-0.65,5.0,-1.46,0.63,0.74,-0.79
2010-05-31,0.37,-0.93,0.21,-0.44,0.8,4.75,-2.99,-0.68,0.33,-1.41
2010-06-30,-0.9,-1.02,0.17,-1.07,-1.69,5.0,0.87,0.09,0.4,-1.9
2010-07-31,-2.16,-0.79,-0.21,-1.6,-2.74,3.76,2.38,0.65,0.55,0.15
2010-08-31,-1.17,-0.86,-1.16,-2.08,-2.26,3.14,1.95,2.73,-1.13,0.85
2010-09-30,-1.26,-0.79,-0.11,-2.69,-3.22,2.64,1.17,2.31,0.44,1.5
2010-10-31,-1.4,-0.44,0.06,-2.72,-3.03,2.43,0.44,1.81,0.03,2.81
2010-11-30,-1.34,-0.77,-0.31,-2.22,-3.19,2.97,-0.11,1.96,0.74,2.28
2010-12-31,-1.43,-0.55,-0.45,-2.55,-2.02,2.7,-0.29,0.79,-0.07,3.85
2011-01-31,-2.32,-0.83,-0.86,-2.65,-1.89,2.35,1.1,0.96,0.98,3.16
2011-02-28,-1.8,-1.03,-1.06,-2.09,-2.04,2.39,0.98,1.06,-0.17,3.77
2011-03-31,-1.14,-1.2,-0.74,-2.77,-1.77,1.64,0.18,1.02,0.56,4.22
2011-04-30,-0.52,-0.58,-1.57,-2.79,-1.92,0.83,0.67,1.36,0.24,4.29
2011-05-31,-0.11,-0.27,-0.97,-2.91,-2.65,0.39,0.29,1.06,1.05,4.13
2011-06-30,-1.08,0.38,-1.33,-2.68,-2.05,1.33,0.25,0.26,0.52,4.41
2011-07-31,3.11,1.51,-2.25,-1.47,-0.53,0.12,-1.14,-1.4,-1.33,3.38
2011-08-31,1.69,0.89,-2.27,-1.03,-2.32,0.14,-0.15,-1.62,0.43,4.24
2011-09-30,1.24,0.95,-2.62,-0.73,-2.25,0.67,0.4,0.77,-2.27,3.84
2011-10-31,1.83,0.9,-0.14,0.39,-4.38,0.63,-0.27,0.21,-2.0,2.83
2011-11-30,1.7,-3.07,-0.39,1.78,-0.37,-3.17,0.55,-0.4,0.26,3.11
2011-12-31,1.83,-2.84,0.24,-0.34,-2.56,-0.5,2.17,2.91,-1.87,0.96
2012-01-31,2.02,-2.7,1.03,-0.51,-2.25,-0.25,-0.19,2.34,-2.25,2.75
2012-02-29,2.78,-1.42,1.32,-0.27,-2.44,0.36,-0.94,3.6,-1.69,-1.29
2012-03-31,2.21,0.25,1.21,-0.44,-3.17,2.38,0.55,1.55,-2.87,-1.66
2012-04-30,2.5,-0.6,2.07,0.0,-3.46,1.19,1.06,1.33,-1.62,-2.48
2012-05-31,2.84,1.0,1.63,1.19,-1.9,-3.51,0.29,0.22,-2.5,0.74
2012-06-30,0.88,0.88,3.42,-0.22,-3.0,-3.11,0.27,-0.79,-0.16,1.83
2012-07-31,0.89,-1.05,2.6,-0.15,-1.52,-4.15,2.33,1.06,0.79,-0.8
2012-08-31,0.05,-3.33,2.53,-1.41,0.21,-2.62,1.0,1.76,2.29,-0.49
2012-09-30,0.02,-3.14,2.34,-1.38,0.67,-0.46,1.21,2.12,1.68,-3.06
2012-10-31,0.62,-0.99,1.67,-1.83,0.5,0.24,0.85,1.95,1.58,-4.6
2012-11-30,1.35,-0.16,2.81,-1.74,0.41,-0.59,1.53,0.68,0.18,-4.46
2012-12-31,2.02,0.45,2.68,1.07,0.8,-2.26,0.63,-0.67,-0.67,-4.05
2013-01-31,1.21,-1.29,2.14,-0.91,-1.25,0.09,1.37,0.92,2.07,-4.34
2013-02-28,1.28,-1.6,2.9,-1.65,-0.99,-0.25,1.95,0.73,1.32,-3.69
2013-03-31,0.96,-2.72,1.69,-1.65,-2.11,-0.57,3.08,1.95,1.08,-1.7
2013-04-30,0.31,-2.05,2.4,-2.34,-2.32,-0.85,3.42,1.26,0.83,-0.66
2013-05-31,0.89,-4.03,1.53,2.39,-0.88,-0.59,2.71,-0.57,-0.01,-1.44
2013-06-30,0.53,-3.84,1.23,1.55,-0.58,-1.12,3.29,-0.11,0.97,-1.92
2013-07-31,-0.4,-3.75,1.42,-0.01,-1.79,-1.32,2.82,1.55,2.04,-0.55
2013-08-31,1.31,-1.82,0.36,1.12,-0.87,-3.56,1.44,1.38,2.76,-2.12
2013-09-30,1.84,-1.42,0.8,1.92,-0.1,-3.83,0.39,-0.66,2.82,-1.75
2013-10-31,-0.11,-1.1,1.4,0.77,-1.69,-3.42,3.41,-0.44,2.2,-1.02
2013-11-30,-0.46,-4.24,1.71,1.1,-1.86,-0.4,3.01,0.33,0.95,-0.13
2013-12-31,-0.2,-3.93,1.31,0.72,-0.9,-0.3,1.82,-0.27,3.37,-1.63
2014-01-31,1.69,-3.25,0.95,2.38,0.61,-0.2,1.28,-0.12,0.4,-3.72
2014-02-28,0.66,-2.34,1.18,0.6,-0.88,1.16,3.13,0.41,0.13,-4.03
2014-03-31,-0.32,-1.99,0.7,-0.08,-1.45,0.47,5.0,-0.17,-0.5,-1.73
2014-04-30,-0.43,-2.48,0.24,-0.26,-1.74,0.77,4.25,0.05,1.77,-2.17
2014-05-31,-0.04,-1.91,1.03,0.18,-2.17,0.19,4.72,0.19,-0.15,-2.05
2014-06-30,0.62,-2.33,0.25,0.38,-2.44,0.84,4.17,0.85,-0.06,-2.28
2014-07-31,1.2,-1.8,0.88,2.48,-1.2,-0.57,3.08,-0.67,0.16,-3.56
2014-08-31,-0.3,-1.35,0.71,0.27,-2.35,1.03,3.83,0.09,1.31,-3.25
2014-09-30,0.84,-1.41,1.09,1.96,-0.76,-0.13,3.39,0.11,-1.26,-3.82
2014-10-31,1.13,-1.07,1.0,2.33,-0.84,-0.15,2.78,0.2,-1.24,-4.14
2014-11-30,1.14,-1.27,0.99,0.66,-1.17,-0.32,3.56,0.54,0.04,-4.15
2014-12-31,1.29,0.02,0.76,0.47,-2.1,-0.8,3.32,1.81,-1.19,-3.57
2015-01-31,1.18,-0.13,0.52,2.26,-3.24,-0.66,3.31,0.02,-0.61,-2.64
2015-02-28,-0.98,-0.44,0.78,1.3,-3.94,0.02,3.84,-0.59,-0.98,1.0
2015-03-31,1.26,0.96,0.61,2.82,-3.09,-1.98,2.18,-0.87,0.54,-2.43
2015-04-30,-0.34,-0.18,0.61,0.45,-2.29,-1.39,2.87,2.51,1.22,-3.47
2015-05-31,-0.21,1.22,0.96,-1.79,-2.74,-0.99,3.27,0.84,1.99,-2.55
2015-06-30,1.96,3.19,1.62,1.56,-0.5,-2.03,-2.11,0.22,-2.38,-1.54
2015-07-31,0.21,3.74,1.4,-1.18,-2.51,2.25,-1.3,-2.28,-0.56,0.23
2015-08-31,2.53,3.05,1.16,0.52,-0.62,1.22,-2.38,-1.21,-2.66,-1.6
2015-09-30,2.48,2.95,1.3,0.7,-1.56,1.1,-2.28,-1.4,-2.82,-0.47
2015-10-31,0.27,2.02,0.88,-1.82,-3.95,2.11,-0.43,-1.14,-0.38,2.45
2015-11-30,1.32,2.8,1.45,-0.97,-3.64,1.62,-0.37,-1.03,-2.27,1.08
2015-12-31,4.01,0.56,1.15,0.53,-3.04,0.9,-2.49,-0.92,-0.91,0.21
2016-01-31,4.14,0.51,0.97,-0.0,-2.06,0.47,-3.38,-0.26,-1.09,0.72
2016-02-29,4.29,1.18,0.78,-0.21,-1.47,1.09,-3.18,-0.98,-0.64,-0.86
2016-03-31,2.17,-0.92,1.44,-1.86,-3.31,3.24,-0.67,-0.08,1.22,-1.23
2016-04-30,2.26,-0.82,1.87,-2.47,-1.71,2.99,-1.12,1.85,-1.31,-1.53
2016-05-31,1.6,-1.22,1.69,-2.98,-3.44,1.62,-0.37,2.3,0.58,0.22
2016-06-30,0.96,0.14,1.18,-4.33,-0.83,-2.12,1.04,0.1,2.68,1.19
2016-07-31,2.02,0.86,1.67,-2.63,-1.72,-3.26,2.61,0.95,-0.12,-0.38
2016-08-31,-0.64,0.22,-1.51,-1.66,-2.0,-1.84,0.2,1.06,4.3,1.85
2016-09-30,-0.04,2.36,-1.72,-3.68,-0.4,-0.11,-1.81,1.51,2.49,1.39
2016-10-31,1.74,0.91,-0.69,-1.81,1.13,-1.93,-2.94,2.0,2.97,-1.39
2016-11-30,0.45,1.7,0.91,-2.81,-1.62,0.05,-3.47,0.47,2.24,2.06
2016-12-31,3.47,1.31,-0.09,-1.12,-2.9,-0.62,-2.02,1.38,2.03,-1.44
2017-01-31,3.04,1.42,0.94,-2.8,-3.32,-1.63,-0.19,0.76,1.19,0.59
2017-02-28,4.01,1.16,0.36,-2.56,-1.98,-1.16,0.4,1.08,0.84,-2.15
2017-03-31,3.85,1.01,1.13,-3.26,-2.06,-0.72,-0.52,0.29,1.39,-1.11
2017-04-30,4.07,0.81,0.58,-3.15,-2.29,-0.88,0.79,-0.01,1.02,-0.93
2017-05-31,4.21,1.0,1.09,-3.03,-2.39,-0.29,0.29,0.03,-0.97,0.06
2017-06-30,3.71,0.51,1.65,-2.96,-2.86,-0.03,1.17,-0.02,-0.22,-0.95
2017-07-31,2.58,0.91,1.52,-3.53,-3.02,0.94,0.5,1.52,-0.43,-1.0
2017-08-31,2.65,-0.24,1.31,-2.92,-2.95,1.0,0.64,1.91,-2.11,0.72
2017-09-30,1.06,-0.5,1.16,-2.14,-2.61,0.38,1.32,4.01,-1.77,-0.9
2017-10-31,0.54,-0.2,0.87,-3.06,-3.03,0.25,0.64,3.79,-0.79,0.98
2017-11-30,0.96,-1.06,2.69,-2.59,-1.32,0.19,0.58,3.35,-0.22,-2.58
2017-12-31,3.23,-0.39,2.01,-2.66,-1.77,-0.41,-0.08,2.22,0.31,-2.44
2018-01-31,3.34,-0.85,1.03,-0.55,-0.74,-2.0,-1.6,3.57,-0.58,-1.6
2018-02-28,3.31,-0.45,0.36,0.04,-0.43,-1.38,-0.66,3.49,-1.48,-2.8
2018-03-31,3.52,-0.86,-0.41,0.63,-1.7,-1.59,-0.3,3.34,-0.29,-2.34
2018-04-30,4.69,-0.94,-0.75,-0.31,-1.32,-1.81,-1.36,2.3,0.01,-0.51
2018-05-31,4.41,-1.19,-0.96,-1.04,-1.25,-1.47,-1.11,2.8,0.31,-0.49
2018-06-30,4.71,-0.1,-0.76,-1.11,-0.87,-1.64,-1.38,2.41,-0.53,-0.73
2018-07-31,3.23,-0.26,-0.28,-2.28,-3.22,-0.94,0.01,2.84,0.92,-0.02
2018-08-31,2.02,0.36,1.56,-2.83,-3.34,0.11,0.18,2.52,1.06,-1.64
2018-09-30,2.52,0.24,1.24,-3.37,-2.73,-0.01,-1.08,2.15,1.74,-0.69
2018-10-31,3.4,0.4,1.0,-1.57,-1.56,-1.17,-0.97,1.33,2.2,-3.07
2018-11-30,4.03,1.24,-0.87,-0.4,-2.07,-1.07,-0.83,1.49,1.22,-2.74
2018-12-31,3.93,-0.59,-0.84,-2.15,0.54,-0.17,0.49,1.4,0.8,-3.42
2019-01-31,4.08,-0.4,-0.4,-3.65,-1.05,-0.19,2.0,-0.41,-0.42,0.44
2019-02-28,2.02,-1.35,-0.72,-4.14,-1.39,0.34,1.54,0.87,2.69,0.13
2019-03-31,-0.81,-0.76,-0.84,-3.37,-2.07,0.38,1.44,0.81,3.6,1.62
2019-04-30,1.47,-1.91,0.62,-3.06,-1.29,-0.4,0.95,2.51,2.89,-1.76
2019-05-31,1.9,-0.76,0.85,-1.2,-0.28,-2.0,-2.35,0.93,4.19,-1.28
2019-06-30,0.78,-0.69,0.73,-1.73,-2.31,-2.02,-1.27,2.13,3.95,0.43
2019-07-31,2.33,0.36,1.64,0.11,-2.08,-4.16,-1.36,1.66,1.14,0.36
2019-08-31,2.74,0.13,1.05,0.63,-1.39,-3.51,-2.84,1.87,0.29,1.03
2019-09-30,0.34,0.38,2.59,-1.29,-0.82,-2.33,-0.93,3.19,1.62,-2.76
2019-10-31,-1.61,0.3,1.3,-2.96,-1.27,-0.96,0.34,3.33,2.76,-1.23
2019-11-30,-1.17,-1.08,-0.16,-2.92,-1.78,-1.4,1.05,2.65,2.65,2.16
2019-12-31,-0.47,0.04,0.53,-2.19,-2.5,-1.5,1.57,4.44,-0.08,0.15
2020-01-31,4.29,0.12,-1.13,-0.21,-0.8,-2.71,-1.19,1.81,-1.44,1.25
2020-02-29,4.13,-0.65,-1.08,0.14,0.04,-1.75,-1.7,2.98,-1.42,-0.69
2020-03-31,1.11,2.72,-0.05,0.87,0.71,0.01,-0.48,0.62,-5.0,-0.47
2020-04-30,-1.26,2.16,-0.52,2.16,0.06,1.49,1.67,-4.19,-0.06,-1.51
2020-05-31,-1.98,1.88,0.34,1.95,0.32,1.15,1.53,-4.26,-1.53,0.61
2020-06-30,-3.95,0.75,1.05,1.21,-0.6,2.21,2.58,-1.48,-1.78,0.0
2020-07-31,-4.08,0.93,1.82,0.38,-1.76,-0.73,2.72,-0.63,-0.49,1.84
2020-08-31,-3.95,1.03,1.36,0.83,-0.37,-1.38,2.02,-2.51,1.57,1.4
2020-09-30,-3.08,1.24,0.45,1.22,-0.43,-0.43,2.4,-3.33,-0.44,2.42
2020-10-31,-2.15,0.78,0.25,2.38,1.41,-1.27,1.13,-3.88,-0.78,2.13
2020-11-30,-2.16,-0.09,1.02,-0.75,-0.7,-3.99,2.9,1.59,0.99,1.19
2020-12-31,2.33,-0.27,0.1,-2.14,-1.5,-3.51,1.16,2.88,-0.33,1.27
2021-01-31,3.07,-1.01,-0.26,-2.31,-1.06,-2.81,0.34,3.23,0.75,0.05
2021-02-28,0.22,0.81,-1.63,-3.25,-2.85,1.44,-0.2,2.25,0.68,2.52
2021-03-31,2.49,0.57,-0.28,-2.93,-3.39,-0.27,0.63,2.72,-0.57,1.04
2021-04-30,2.44,0.83,-0.06,-2.17,-3.03,-0.79,0.23,3.27,-1.75,1.03
2021-05-31,2.32,0.27,0.35,-2.26,-3.16,-2.04,-0.1,2.94,1.56,0.12
2021-06-30,2.15,-0.04,0.74,-2.31,-3.62,-1.55,1.08,2.65,1.29,-0.4
2021-07-31,2.5,-0.18,1.0,-2.5,-3.69,0.04,2.12,1.69,0.22,-1.2
2021-08-31,1.96,-0.26,0.57,-2.28,-3.78,-0.13,1.96,2.58,0.58,-1.19
2021-09-30,2.79,-0.53,-0.09,-2.2,-2.48,0.03,-0.1,2.75,2.07,-2.26
2021-10-31,0.35,-0.47,-0.36,-2.62,-2.88,0.19,3.27,1.04,2.68,-1.19
2021-11-30,2.15,0.2,-0.26,-2.05,-2.39,-0.52,4.35,-0.34,0.27,-1.41
2021-12-31,0.14,-0.05,0.61,-2.68,-2.69,-0.92,3.64,0.34,2.49,-0.87
2022-01-31,1.16,-0.15,0.67,-2.06,-2.01,-2.77,2.88,0.72,2.8,-1.24
2022-02-28,1.87,-0.61,2.2,-2.43,-2.01,-2.61,2.98,0.62,0.77,-0.79
2022-03-31,1.59,-0.84,1.96,-2.99,-2.13,-1.85,1.61,1.42,2.45,-1.22
2022-04-30,1.73,-0.45,1.39,-2.68,-1.79,-2.35,2.24,2.97,-1.06,-0.02
2022-05-31,2.19,-1.25,1.53,-2.76,-2.19,-1.75,2.27,2.52,-0.57,0.02
2022-06-30,3.21,-1.87,1.11,-3.31,-1.38,0.35,0.35,2.61,-0.03,-1.03
2022-07-31,1.74,-0.65,0.31,-3.89,-2.24,1.23,0.27,3.1,-0.7,0.83
2022-08-31,1.67,-0.47,1.68,-4.03,-1.93,1.13,-0.15,2.87,-0.78,0.01
2022-09-30,1.78,-0.16,0.55,-3.85,-1.83,0.51,-0.93,3.01,-0.9,1.83
2022-10-31,0.49,-0.35,0.85,-4.09,-1.54,2.49,-0.24,0.96,-1.22,2.66
2022-11-30,0.45,0.69,0.79,-4.14,-2.28,1.02,0.74,0.84,-1.09,2.99
2022-12-31,0.5,1.18,0.99,-4.24,-2.11,1.52,1.45,1.23,-1.82,1.3
2023-01-31,-0.03,0.3,1.07,-4.44,-2.33,1.43,0.67,0.7,0.05,2.58
2023-02-28,0.49,1.11,1.11,-4.23,-1.62,1.48,1.33,0.52,-2.16,1.96
2023-03-31,0.11,1.78,1.24,-3.98,-1.28,1.2,1.41,-0.78,-2.06,2.36
2023-04-30,-0.06,1.3,1.84,-4.12,-1.25,1.37,2.97,-0.73,-1.04,-0.29
2023-05-31,-0.14,1.92,0.52,-4.47,-0.91,1.64,2.26,-1.5,-0.36,1.04
2023-06-30,-0.62,0.21,1.72,-3.94,-2.31,0.78,2.0,-0.89,0.6,2.45
2023-07-31,-0.64,0.74,0.9,-3.82,-2.24,0.63,0.34,-0.95,3.0,2.04
2023-08-31,-1.18,1.21,1.09,-3.89,-2.03,0.99,0.79,-0.14,3.31,-0.15
2023-09-30,0.07,1.98,-0.02,-3.96,-2.9,0.16,0.5,0.36,2.33,1.47
2023-10-31,0.97,3.46,2.21,-2.58,-1.28,-1.4,-0.37,-0.69,1.75,-2.08
2023-11-30,-1.31,0.63,0.06,-3.06,-2.17,3.19,1.52,-1.23,2.39,-0.02
2023-12-31,-1.47,-0.28,0.34,-2.19,-2.1,3.41,1.66,-1.5,2.73,-0.59
2024-01-31,0.16,0.12,1.26,-3.72,-2.15,2.18,1.73,-0.71,2.44,-1.31
2024-02-29,-0.09,-0.2,1.57,-3.46,-1.76,-0.6,0.69,-0.5,4.16,0.19
2024-03-31,0.23,-0.03,0.88,-0.51,-4.83,0.37,2.0,0.31,2.55,-0.95
2024-04-30,1.62,0.27,-0.65,0.89,-3.86,-0.36,-1.03,-1.39,3.66,0.85
2024-05-31,1.16,2.15,-0.6,-0.53,-3.67,0.52,1.38,-0.28,2.54,-2.68
2024-06-30,2.93,0.93,-0.89,-0.79,-3.73,1.33,1.88,-1.02,1.21,-1.85
2024-07-31,2.19,1.28,-0.85,1.85,-1.04,1.98,-0.35,-4.22,0.61,-1.45
2024-08-31,1.96,1.0,-1.29,2.81,-0.65,2.04,-1.32,-3.27,0.74,-2.02
2024-09-30,-0.3,-1.21,0.8,2.9,-0.36,2.34,-0.26,-3.01,1.81,-2.71
2024-10-31,1.02,-0.61,0.73,3.19,0.61,1.09,-2.49,-3.13,1.56,-1.97
2024-11-30,-0.33,-0.41,2.66,1.35,-1.88,2.63,-2.42,-1.96,2.0,-1.63
2024-12-31,0.93,0.23,1.82,2.44,-1.6,1.17,-2.95,-2.65,2.03,-1.42
2025-01-31,0.71,0.55,1.11,2.94,-1.49,0.81,-1.74,-2.33,2.36,-2.9
2025-02-28,2.05,0.56,1.23,3.5,-1.74,0.43,-2.18,-2.1,0.51,-2.27
2025-03-31,2.26,-0.56,0.54,2.78,-1.0,-0.22,-1.88,-0.98,2.4,-3.35
2025-04-30,2.12,-1.05,0.95,3.19,-1.15,0.5,-2.14,-0.18,1.19,-3.43
2025-05-31,1.87,-1.17,1.03,3.25,-2.1,0.13,-2.27,-2.78,0.74,1.3
2025-06-30,1.6,-1.55,1.17,3.17,-2.06,2.13,-1.18,-1.17,0.65,-2.76
2025-07-31,1.95,-1.97,1.45,1.51,-2.7,0.35,-0.33,2.1,0.97,-3.33
2025-08-31,2.63,-2.73,1.97,1.15,-3.67,-0.24,-0.43,1.28,0.79,-0.74
2025-09-30,-0.59,0.37,2.02,1.02,-2.83,0.03,-0.46,-3.38,0.59,3.22
2025-10-31,0.64,1.55,2.09,1.21,-1.61,1.89,-1.75,-4.19,-0.46,0.64
2025-11-30,0.54,0.8,1.64,-0.13,-2.85,3.19,-0.47,-1.87,1.81,-2.65
2025-12-31,-0.42,1.22,0.01,0.27,-2.78,2.96,-0.42,0.58,2.15,-3.56
2026-01-31,-0.93,-0.49,-1.66,-0.33,-2.61,2.15,-1.38,3.02,3.0,-0.77
2026-02-28,-0.63,-0.88,-1.73,0.63,-1.14,3.11,-1.3,0.83,3.52,-2.39
2026-03-31,0.58,-0.71,-0.33,-1.3,-1.34,5.0,-2.19,0.58,-0.08,-0.33
2026-04-30,-0.23,-0.56,-0.14,-1.96,-2.56,4.05,-1.5,1.65,1.87,-0.6
2026-05-31,0.28,-0.27,0.31,-1.9,-2.06,3.89,-0.84,1.25,1.94,-2.6
2026-06-30,0.61,2.39,-0.27,-0.04,-3.16,3.14,-2.0,-2.18,0.48,1.02
2026-07-31,0.2,1.46,0.03,0.17,-4.05,2.89,1.48,-2.4,0.84,-0.61
2026-08-31,-0.15,2.24,0.61,0.73,-3.75,1.2,2.36,0.54,-1.0,-2.78
2026-09-30,-0.06,-0.07,-0.83,-0.17,-2.26,1.25,2.61,0.81,2.55,-3.82
2026-10-31,-0.27,0.38,-1.05,0.13,-2.7,2.65,0.68,1.53,2.21,-3.56
