mois,trades,reussite,gain_moy,perte_moy,ratio_rr,profit_factor,rend_annuel,vol_annuelle,sharpe,dd_max,calmar,t_stat,total,sharpe_brut,nom,groupe,2000-2012,2013-2026,rotation_mensuelle
320,320,0.546875,0.021882254269045335,-0.021367266910605053,1.0241016953920616,1.235984804783523,0.027417779814195044,0.09956819700066945,0.27536684041803733,-0.236526673696962,0.11591834183286535,1.4219882493824187,1.0774492001321443,0.3151576990662155,Top 1 paire (plus forte vs plus faible),strategie,0.451886276835885,0.04559639682006459,0.81875
320,320,0.565625,0.017807370491994018,-0.01948849946359961,0.9137373826678865,1.1898306925387587,0.01928372376039643,0.0854206571169446,0.22575012194060004,-0.33118741450316536,0.05822601619486396,1.1657686169069834,0.6723547004991774,0.26695809839518797,Top 3 paires (écarts max),strategie,0.3999123361909594,0.022871471387044054,0.7510416666666666
320,320,0.56875,0.013630284430007075,-0.013728508858995321,0.9928452223036672,1.309404568545416,0.021981657889497498,0.06163762607136904,0.3566272630948725,-0.13965714417631392,0.15739730336849908,1.8416152676932962,0.7971059109665142,0.401507015656074,Panier 3 fortes vs 3 faibles,strategie,0.554752206691673,0.10738960902986913,0.5614583333333334
320,320,0.6,0.016722332471179,-0.018129023223820415,0.9224066991765387,1.383610048764808,0.033381482318150815,0.08063511548118306,0.41398194966237367,-0.3487126044451474,0.09572777666372462,2.1377935955638003,1.4355506286112956,0.4173766304990868,Repère : portage pur (taux seuls),repere,0.5220851692021429,0.2787242121009599,0.053125
320,320,0.490625,0.01358264828371813,-0.013513660558587324,1.005105036110069,0.9681073047195146,-0.0026344083939745444,0.06210871328322209,-0.04241608390696121,-0.3110579482272722,-0.008469188487187388,-0.21903571544399622,-0.06784007950850979,-0.018776683432709815,Facteur seul : monetaire,repere,0.0743871261469249,-0.2109032708357171,0.3145833333333333
320,320,0.55,0.013740848816180602,-0.010760274371222577,1.2769979967173806,1.5607753293212427,0.032584120582190054,0.0574410401350678,0.567262022163443,-0.1156408324329743,0.2817700279101319,2.9293284863666105,1.3843102572318102,0.628490707744194,Facteur seul : croissance,repere,0.6004674875033561,0.5411150725008386,0.6854166666666666
320,320,0.53125,0.013568446238724597,-0.013000440900448107,1.0436912365223638,1.182850068058679,0.013371364706848703,0.06018025660403331,0.22218856251856772,-0.28399622359908805,0.04708289616457999,1.1473768031362377,0.42842112444642444,0.2581459611968678,Facteur seul : inflation,repere,0.33745611476399406,0.07121878875152463,0.478125
320,320,0.6,0.016722332471179,-0.018129023223820415,0.9224066991765387,1.383610048764808,0.033381482318150815,0.08063511548118306,0.41398194966237367,-0.3487126044451474,0.09572777666372462,2.1377935955638003,1.4355506286112956,0.4173766304990868,Facteur seul : differentiel,repere,0.5220851692021429,0.2787242121009599,0.053125
320,320,0.4875,0.018157479404908774,-0.019267778580983764,0.9423753407063338,0.8964058118913907,-0.012275583754333828,0.0869851683955257,-0.14112272219231864,-0.4593974593580227,-0.026721052770923327,-0.7287546037630745,-0.27916779929054625,-0.1023553433131247,Facteur seul : risque,repere,0.15890379233706547,-0.4836567440921624,0.7604166666666666
320,320,0.55,0.013312369590324662,-0.014401922913064266,0.9243466772238276,1.1297570499402336,0.010091255565595713,0.06368223365433597,0.15846265098631043,-0.2748674259444934,0.03671317374519866,0.8182976110211448,0.30878620734871487,0.20186124595969468,Robustesse : signal retardé d'1 mois,repere,0.1335614210257237,0.19469242836253417,0.5625
320,320,0.54375,0.013903477425033528,-0.012808742136292036,1.0854678216715512,1.2936397326770541,0.02059232700214486,0.06280434471460077,0.32788061233218396,-0.19307534023283646,0.10665436081745,1.6931682014757852,0.7317435269671877,0.3748226865266776,Variante : pondération adaptative (walk-forward),repere,0.5468407076334144,0.019129895064870964,0.5645833333333333
