mois,trades,reussite,gain_moy,perte_moy,ratio_rr,profit_factor,rend_annuel,vol_annuelle,sharpe,dd_max,calmar,t_stat,total,paire,part_long,part_short,part_exposee,cout_bps,2000-2012,2013-2026
320,179,0.5586592178770949,0.02326921639459141,-0.018961743991693612,1.2271664676405678,1.55337527549439,0.030927894904325463,0.07153974529360642,0.4323176547161892,-0.16832168341855014,0.18374278510166686,2.2324787693163324,1.2812963686264789,USDJPY,0.46875,0.090625,0.559375,1.5,0.43313132847803143,0.4330393293872578
320,187,0.5347593582887701,0.020446457434956152,-0.016639256753706266,1.2288083378725352,1.4124233768649832,0.021263640222118886,0.06393715341992287,0.3325709557706571,-0.12444025919957225,0.17087428424604229,1.717389030842718,0.7630238050813254,CADSEK,0.375,0.209375,0.584375,6.0,0.17195133163750578,0.5535560257663767
320,207,0.5700483091787439,0.024028001083842985,-0.023282286634054034,1.0320292616232216,1.368308459230788,0.028169273154849878,0.08510639362608566,0.3309889181606188,-0.24926671391819233,0.11300856304502352,1.7092194237537153,1.1195008597798188,CADJPY,0.521875,0.125,0.646875,3.0,0.4688719873225367,0.1829653599461838
320,227,0.5991189427312775,0.026640726894615305,-0.029184785998924295,0.9128292698667463,1.3642283593612914,0.0358921249412089,0.1101312419662927,0.3259032069409897,-0.2564793971540529,0.1399415521849909,1.6829569239440567,1.604194284967181,NZDJPY,0.628125,0.08125,0.709375,3.0,0.5498865139808468,0.029387695994881374
320,171,0.5730994152046783,0.020517796676634253,-0.019772856067138214,1.0376749118572761,1.3930430323563434,0.021066584302840037,0.06769578441407385,0.311194921296463,-0.18879788681456844,0.11158273356910503,1.6070036634740383,0.7537837231383187,EURUSD,0.203125,0.33125,0.534375,1.5,0.28330715510728377,0.36648507822120724
320,127,0.5433070866141733,0.023577917068864272,-0.01917423511200967,1.2296666297836507,1.462879266466757,0.018066399047065276,0.058067091423838146,0.3111297398245182,-0.1675971705903263,0.10779656353045895,1.6066670678002744,0.6189384250309149,GBPNOK,0.165625,0.23125,0.396875,6.0,0.15320934889385115,0.4626424209949783
320,162,0.5679012345679012,0.0188098696721957,-0.018030921290531427,1.0432006977964747,1.3710637742467955,0.01632538198143016,0.05820259380920841,0.280492344292176,-0.1527429229030811,0.1068814297326822,1.4484562375763663,0.5454938750639142,GBPSEK,0.359375,0.146875,0.50625,6.0,0.2624536801325787,0.3098455960673417
320,180,0.5611111111111111,0.01916824352711077,-0.018631107609988404,1.0288300582212513,1.315339694687929,0.016943816064341397,0.06267384983403079,0.2703490548164987,-0.16801824041817348,0.10084509885456872,1.3960765159562871,0.5711928297368103,AUDCAD,0.315625,0.246875,0.5625,3.0,0.3138516014280196,0.22039986159684347
320,192,0.5677083333333334,0.028952924606877223,-0.029464600032038202,0.9826342314301022,1.2904473641672427,0.026383386730891766,0.09898960296701165,0.2665268466596845,-0.3135290102407071,0.08414974649598238,1.376338717906848,1.0209283387708976,AUDUSD,0.34375,0.25625,0.6,1.5,0.41537581682916297,0.05985511900691501
320,214,0.5420560747663551,0.021682275256692373,-0.02018904059002944,1.0739626363127122,1.271221079717088,0.019976923198253636,0.07950274788050316,0.2512733676612035,-0.2231558825102331,0.0895200385198789,1.2975700910630594,0.7035562059243687,USDCHF,0.51875,0.15,0.66875,1.5,0.30456033939495675,0.18923821182927675
320,154,0.5194805194805194,0.02337824530767747,-0.019183960176309415,1.2186349999072479,1.3174432431429706,0.015909246433773783,0.06612795804515699,0.24058275658398207,-0.25837063718418296,0.06157528814867869,1.2423640128459135,0.528438416781178,CADNOK,0.209375,0.271875,0.48125,6.0,0.16197842961094838,0.35626293129114894
320,190,0.5421052631578948,0.026734320820485585,-0.02488365138084107,1.0743729049776602,1.271958726582747,0.020795901539131564,0.08937477483036685,0.23268200203695222,-0.2616423270254108,0.07948217620428005,1.2015646918017548,0.7411701276733225,USDNOK,0.290625,0.303125,0.59375,6.0,0.35043461314771895,0.1098705100723595
320,129,0.5116279069767442,0.018022187844441474,-0.014437249037952439,1.2483117661172844,1.3077551835514407,0.009979414062830014,0.04541327124072374,0.21974664652391546,-0.13239315877526603,0.0753771127990821,1.1347668031627365,0.30488864592668197,GBPCAD,0.1875,0.215625,0.403125,3.0,0.3452139015145045,0.04979708734799836
320,204,0.5392156862745098,0.02740289542354407,-0.026496494675795658,1.0342083267556295,1.210243786628928,0.0190967998899396,0.09622944542587733,0.1984506904869289,-0.3367085848325011,0.056716106301356956,1.024794959065651,0.6640393618298328,AUDJPY,0.5375,0.1,0.6375,3.0,0.3683727479254212,-0.0387446958464238
320,124,0.5403225806451613,0.025088789745831282,-0.022905397480418505,1.0953221731812044,1.2874839579498367,0.013749047122006555,0.06967895732261355,0.19731993201833475,-0.22618349370849578,0.06078713745454061,1.0189557474423871,0.44288020248839577,CHFJPY,0.184375,0.203125,0.3875,3.0,0.3993187437323437,-0.0722355584698798
320,173,0.5664739884393064,0.02376147777885619,-0.025205763509180322,0.9427001792745496,1.2317949009187448,0.01598222096772685,0.08302063760763742,0.19250901255733763,-0.2560836674975695,0.06241015338425882,0.9941122661725376,0.5314156348200507,GBPJPY,0.478125,0.0625,0.540625,3.0,0.2683962558449001,0.11443633437282005
320,141,0.5390070921985816,0.022439740547854845,-0.021391584523718667,1.04899852196428,1.2265213487582347,0.011383773284822062,0.06473704107036385,0.1758463639456248,-0.22900800538701904,0.04970906263990076,0.9080667187367109,0.35468274121934185,GBPAUD,0.175,0.265625,0.440625,3.0,0.09214967554681588,0.30353146768270167
320,161,0.5093167701863354,0.020128978511118032,-0.017183353430383786,1.1714231795713264,1.2159076041120096,0.010495924384175986,0.05997100447050724,0.17501665141089492,-0.18157708466299716,0.057804234513711784,0.9037821016311797,0.32298601831689067,NZDCAD,0.315625,0.1875,0.503125,3.0,0.4084271299885528,-0.07955223122864939
320,134,0.4925373134328358,0.022702035441919215,-0.018237161202966586,1.2448228750769796,1.2082104375747156,0.009277776651185258,0.05632669791699067,0.16471366144804064,-0.20225749798295045,0.04587111352463848,0.8505776902414774,0.2807007350132169,EURNZD,0.1,0.31875,0.41875,3.0,0.40590344082831536,-0.01888917547616212
320,161,0.4906832298136646,0.019356950374297844,-0.015655842140751237,1.2364042892277791,1.1911699859633482,0.008640750901047295,0.05641084800824246,0.1531753413773314,-0.13271073056771465,0.06510966267824451,0.7909940616053871,0.25912876321196654,EURCAD,0.20625,0.296875,0.503125,3.0,0.2435650092416618,0.03660642981147837
320,110,0.5,0.019390894929893293,-0.015323676791679515,1.2654205118984372,1.2654205118984372,0.007961137410065915,0.05200235748839824,0.15309185572677259,-0.1225872319197534,0.06494263134416267,0.790562943559705,0.23651507255999138,EURGBP,0.121875,0.221875,0.34375,3.0,0.16032600449413795,0.15185020048362063
320,184,0.5271739130434783,0.018701979167877213,-0.017453314225615888,1.0715431422433617,1.194709020662139,0.010637011562081525,0.07223394922560598,0.14725778773162862,-0.2393380198936801,0.04444346772320901,0.7604359459785928,0.32797289659506323,GBPCHF,0.5125,0.0625,0.575,3.0,0.2423625377264403,0.04627823493645665
320,177,0.5254237288135594,0.015503191668276451,-0.01448346675198339,1.0704061350610978,1.1850925066747868,0.0070269606743664365,0.048381311420462675,0.14524121955475586,-0.13427355182394496,0.05233317044878618,0.7500224326912326,0.20609228626261467,NOKSEK,0.396875,0.15625,0.553125,6.0,0.2189387769532543,0.09169795019534875
320,180,0.4666666666666667,0.021591830606916558,-0.016301882028615367,1.3244992553016595,1.1589368483889517,0.00842749110877182,0.06202920900599757,0.13586326899569154,-0.2913963780089378,0.02892105648792014,0.7015949042421491,0.2519885111448361,AUDSEK,0.396875,0.165625,0.5625,6.0,0.27887666921386123,-0.05395950543686786
320,167,0.5868263473053892,0.01878952486122161,-0.022899380966867132,0.8205254495048565,1.165383971760521,0.009360605613220708,0.07089657400878858,0.1320318470122454,-0.36773673494293935,0.025454638396876957,0.681809526196576,0.28353263771094817,EURJPY,0.409375,0.1125,0.521875,3.0,0.08180326402070867,0.2148095006290342
320,206,0.5533980582524272,0.023965058931818935,-0.02658624029940682,0.9014083473981702,1.1169625174281674,0.00973809790057243,0.08787963705494911,0.11081176740048918,-0.27652488650239104,0.03521599095019691,0.5722295062745394,0.296518520226833,USDSEK,0.4,0.24375,0.64375,6.0,-0.01897845453781605,0.25759569677313937
320,184,0.5434782608695652,0.02789491985388188,-0.029956645623179807,0.9311763474712066,1.1085432707990555,0.009955640739040681,0.09524966516730213,0.10452153003954404,-0.34205824352527947,0.02910510396252128,0.5397468602176965,0.30406166701384807,NZDUSD,0.346875,0.228125,0.575,1.5,0.4461130329740782,-0.2697078003787377
320,136,0.5220588235294118,0.020806877490756288,-0.020602846098481887,1.0099030683090642,1.1031248899991315,0.004683873954089002,0.05797817404095264,0.0807868483540128,-0.23293464282677856,0.020108103703458814,0.4171814910235675,0.133038889075638,EURAUD,0.128125,0.296875,0.425,3.0,0.3488658168897838,-0.25468503727183606
320,170,0.5352941176470588,0.020301724028582213,-0.021345737119992894,0.9510903237708838,1.0955597400398789,0.004940387029557881,0.06619497532362144,0.07463386768262639,-0.2541556884909407,0.019438427913581715,0.38540763546381324,0.14081583834246003,NZDSEK,0.403125,0.128125,0.53125,6.0,0.01540605222818141,0.14212674194148203
320,206,0.5825242718446602,0.025943058699301247,-0.03387628129792306,0.7658177847546627,1.0685829554716222,0.006412756961053711,0.10133304767589597,0.0632839641965995,-0.4401133946624034,0.014570692550661239,0.3267969858872217,0.18649887923391595,NOKJPY,0.546875,0.096875,0.64375,6.0,0.28683422085194343,-0.16516634512483502
320,187,0.5401069518716578,0.019834069291398682,-0.02211911624204424,0.896693569234827,1.0530936103804363,0.0033261375605798324,0.07080585442459807,0.04697545969340534,-0.2838086687321818,0.011719647519711836,0.24258023076399554,0.09274950482501221,AUDCHF,0.509375,0.075,0.584375,3.0,0.06109595045726637,0.0292302548603508
320,118,0.5423728813559322,0.015165347336420481,-0.016791725368711354,0.9031440786113997,1.0703929820579552,0.0013135897357686621,0.044529348437942394,0.029499415146379812,-0.21392279680691917,0.00614048505056837,0.15233432477971715,0.03564980395261563,EURNOK,0.115625,0.253125,0.36875,6.0,-0.039603000356418686,0.08284691945633862
320,123,0.5284552845528455,0.018213958528764906,-0.019737965514135525,0.9227880409316154,1.0341590113888792,0.0012470739206196899,0.052401215155443916,0.023798568733956783,-0.313381927070045,0.00397940599918818,0.12289528049358285,0.033814443082974766,GBPUSD,0.190625,0.19375,0.384375,1.5,0.04833056627109685,-0.007622332851611432
320,153,0.5163398692810458,0.021762021922823456,-0.022414395455354678,0.9708948861087675,1.0364958919269274,0.0011675425577552653,0.07029200390610432,0.016609891493701935,-0.24955422808596306,0.004678512428781956,0.08577311084989309,0.031624215218500895,NZDNOK,0.271875,0.20625,0.478125,6.0,-0.16865763539097392,0.24211916113932003
320,110,0.4727272727272727,0.020792360909412073,-0.018190248956924455,1.1430498262365494,1.0248032924879409,0.0007506872920428464,0.049836545666981126,0.01506298805417024,-0.2265705510608007,0.0033132606533732524,0.07778493583723015,0.020220038231786308,USDCAD,0.1875,0.15625,0.34375,1.5,0.2777603708866934,-0.29576444519169676
320,189,0.48677248677248675,0.021776164047170064,-0.021035223321317523,1.0352238107736966,0.9818617586719598,-0.0018491088685557622,0.07735913866907966,-0.02390291438566454,-0.3785774837708886,-0.0048843603960208705,-0.1234341191220006,-0.04811359122947989,NZDCHF,0.55,0.040625,0.590625,3.0,0.3284717782032531,-0.3698798453085664
320,190,0.47368421052631576,0.020202360581620157,-0.01905103956914362,1.060433500665302,0.9543901505987719,-0.0037196814213205534,0.07582517987867445,-0.04905601842649503,-0.415529271276068,-0.008951671226187298,-0.25332418986274585,-0.0944307292354234,CADCHF,0.471875,0.121875,0.59375,3.0,0.2836256818001265,-0.4010649961800272
320,152,0.5131578947368421,0.016072690487941754,-0.01779517374139789,0.9032050330900098,0.9520269267705508,-0.0037414874551495083,0.05468582531542933,-0.0684178657553124,-0.3173748855982188,-0.011788857987604128,-0.3533083395378395,-0.09495715947325545,CHFSEK,0.146875,0.328125,0.475,6.0,0.15985206468569924,-0.43554614387348084
320,187,0.48128342245989303,0.02644984733636585,-0.02640051967265388,1.0018684353309555,0.9295686513379999,-0.007821155549043737,0.09686109931247115,-0.0807460952287245,-0.48814106934540435,-0.016022326413821075,-0.4169710427895042,-0.1882510390192994,SEKJPY,0.39375,0.190625,0.584375,6.0,-0.03453837680268288,-0.15746006254022618
320,169,0.4911242603550296,0.018522509510894004,-0.019216624502751394,0.9638794528270036,0.9302557509842012,-0.00564980316871567,0.061325857173017397,-0.092127585804076,-0.3578321440962289,-0.015788976093763993,-0.4757448073939749,-0.13986112295206865,CHFNOK,0.040625,0.4875,0.528125,6.0,-0.011039894844619095,-0.14710695490281392
320,137,0.5693430656934306,0.009001772506684429,-0.014000639148594656,0.642954397377494,0.850007508397365,-0.005096229534213714,0.0444187000872007,-0.11473162258708687,-0.2576273104940576,-0.019781402540128844,-0.592471551417523,-0.12706960247828425,EURCHF,0.365625,0.0625,0.428125,3.0,-0.13853535154675387,-0.09897532055339855
320,101,0.49504950495049505,0.012886573981122746,-0.014456564389995367,0.8913994800895343,0.8739210589113082,-0.0045658531812609905,0.03335762646107573,-0.13687584116899873,-0.23716582574670853,-0.019251733114944183,-0.7068238044608848,-0.11463570405288559,EURSEK,0.209375,0.10625,0.315625,6.0,0.17323389834824685,-0.4376988809008095
320,136,0.47794117647058826,0.016335298011888558,-0.017585222223869074,0.9289218983946675,0.8504214562768082,-0.007430865267073055,0.04792004248200142,-0.155068002493196,-0.3693708110417968,-0.02011762988557372,-0.8007677215810645,-0.17975844851592349,AUDNZD,0.16875,0.25625,0.425,3.0,-0.4723869536660626,0.15063926925374627
320,158,0.4430379746835443,0.02034579563207449,-0.01914049966761763,1.0629709770062068,0.8455450953458465,-0.010723435368942626,0.0645389582476486,-0.16615445399342685,-0.26680049290195307,-0.04019271198604344,-0.8580179109529715,-0.24870603809728964,AUDNOK,0.25,0.24375,0.49375,6.0,-0.12378024126512233,-0.23408021606949764
320,119,0.48739495798319327,0.02146754134269852,-0.028575421140942536,0.7512589661168658,0.7143118038488231,-0.019124373439536775,0.07113428030838106,-0.26884890599340944,-0.4523681564159098,-0.042276126575880646,-1.388329780744744,-0.3994943878562338,GBPNZD,0.1375,0.234375,0.371875,3.0,-0.15560722495165438,-0.39447026366675747
